{"type": "FeatureCollection", "features": [{"type": "Feature", "geometry": {"type": "Point", "coordinates": [-76.1206962, 4.7271717]}, "properties": {"damage:date": "2026-08-10", "damage:event": "2026ColombiaEarthquake-Palmar", "damage:event:wikidata": "Q140984463", "damage:type": "earthquake", "destroyed:building": "yes", "osm_type": "node", "osm_id": 14145126929}}, {"type": "Feature", "geometry": {"type": "Point", "coordinates": [-76.5369089, 3.4217873]}, "properties": {"damage:date": "2026-08-10", "damage:event": "2026ColombiaEarthquake-Palmar", "damage:event:wikidata": "Q140984463", "damage:type": "earthquake", "earthquake:damage": "people_camping", "osm_type": "way", "osm_id": 107655344}}, {"type": "Feature", "geometry": {"type": "Point", "coordinates": [-75.6944066, 4.8088273]}, "properties": {"building": "yes", "damage:date": "2026-08-10", "damage:event": "2026ColombiaEarthquake-Palmar", "damage:event:wikidata": "Q140984463", "damage:type": "earthquake", "earthquake:damage": "severe", "office": "government", "osm_type": "way", "osm_id": 152344194}}, {"type": "Feature", "geometry": {"type": "Point", "coordinates": [-76.5440558, 3.4236038]}, "properties": {"building": "hospital", "damage:date": "2026-08-10", "damage:event": "2026ColombiaEarthquake-Palmar", "damage:event:wikidata": "Q140984463", "damage:type": "earthquake", "earthquake:damage": "moderate", "name": "Torre A", "operator": "IPS Centro Medico Imbanaco S.A.", "osm_type": "way", "osm_id": 206763870}}, {"type": "Feature", "geometry": {"type": "Point", "coordinates": [-76.5441991, 3.4242445]}, "properties": {"building": "hospital", "damage:date": "2026-08-10", "damage:event": "2026ColombiaEarthquake-Palmar", "damage:event:wikidata": "Q140984463", "damage:type": "earthquake", "earthquake:damage": "moderate", "name": "Torre B", "operator": "IPS Centro Medico Imbanaco S.A.", "osm_type": "way", "osm_id": 206764076}}, {"type": "Feature", "geometry": {"type": "Point", "coordinates": [-76.5379041, 3.4220495]}, "properties": {"building": "yes", "damage:date": "2026-08-10", "damage:event": "2026ColombiaEarthquake-Palmar", "damage:event:wikidata": "Q140984463", "damage:type": "earthquake", "earthquake:damage": "people_camping", "leisure": "stadium", "name": "Coliseo de Hockey en Línea Miguel Calero", "sport": "field_hockey", "osm_type": "way", "osm_id": 341492829}}, {"type": "Feature", "geometry": {"type": "Point", "coordinates": [-76.5637205, 3.4097867]}, "properties": {"building": "yes", "building:levels": "5", "damage:date": "2026-08-10", "damage:event": "2026ColombiaEarthquake-Palmar", "damage:event:wikidata": "Q140984463", "damage:type": "earthquake", "earthquake:damage": "moderate", "osm_type": "way", "osm_id": 356385784}}, {"type": "Feature", "geometry": {"type": "Point", "coordinates": [-76.563454, 3.4096943]}, "properties": {"building": "yes", "building:levels": "5", "damage:date": "2026-08-10", "damage:event": "2026ColombiaEarthquake-Palmar", "damage:event:wikidata": "Q140984463", "damage:type": "earthquake", "earthquake:damage": "moderate", "osm_type": "way", "osm_id": 356385785}}, {"type": "Feature", "geometry": {"type": "Point", "coordinates": [-76.5475917, 3.4125203]}, "properties": {"amenity": "fast_food", "brand": "Little Caesars", "brand:wikidata": "Q1393809", "building": "yes", "cuisine": "pizza", "damage:date": "2026-08-10", "damage:event": "2026ColombiaEarthquake-Palmar", "damage:event:wikidata": "Q140984463", "damage:type": "earthquake", "earthquake:damage": "moderate", "name": "Little Caesars", "takeaway": "yes", "osm_type": "way", "osm_id": 386060445}}, {"type": "Feature", "geometry": {"type": "Point", "coordinates": [-75.6942734, 4.8091447]}, "properties": {"addr:city": "Pereira", "addr:postcode": "660004", "building": "yes", "damage:date": "2026-08-10", "damage:event": "2026ColombiaEarthquake-Palmar", "damage:event:wikidata": "Q140984463", "damage:type": "earthquake", "earthquake:damage": "severe", "office": "government", "osm_type": "way", "osm_id": 511368006}}, {"type": "Feature", "geometry": {"type": "Point", "coordinates": [-76.4849521, 3.9319419]}, "properties": {"building": "church", "damage:date": "2026-08-10", "damage:event": "2026ColombiaEarthquake-Palmar", "damage:event:wikidata": "Q140984463", "damage:type": "earthquake", "wikidata": "Q140984463", "osm_type": "way", "osm_id": 550661114}}, {"type": "Feature", "geometry": {"type": "Point", "coordinates": [-75.6943344, 4.8099191]}, "properties": {"building": "yes", "damage:date": "2026-08-10", "damage:event": "2026ColombiaEarthquake-Palmar", "damage:event:wikidata": "Q140984463", "damage:type": "earthquake", "earthquake:damage": "severe", "osm_type": "way", "osm_id": 560112652}}, {"type": "Feature", "geometry": {"type": "Point", "coordinates": [-75.6940996, 4.8100793]}, "properties": {"addr:city": "Pereira", "addr:housenumber": "18-13", "addr:postcode": "660002", "addr:street": "Carrera 12", "amenity": "theatre", "building": "yes", "damage:date": "2026-08-10", "damage:event": "2026ColombiaEarthquake-Palmar", "damage:event:wikidata": "Q140984463", "damage:type": "earthquake", "earthquake:damage": "severe", "name": "Teatro Santiago Londoño", "osm_type": "way", "osm_id": 560112653}}, {"type": "Feature", "geometry": {"type": "Point", "coordinates": [-76.1565018, 4.211199]}, "properties": {"building": "chapel", "damage:date": "2026-08-10", "damage:event": "2026ColombiaEarthquake-Palmar", "damage:event:wikidata": "Q140984463", "damage:type": "earthquake", "denomination": "catholic", "osm_type": "way", "osm_id": 568515017}}, {"type": "Feature", "geometry": {"type": "Point", "coordinates": [-76.5499244, 3.4047155]}, "properties": {"addr:street": "Calle 3", "building": "yes", "damage:date": "2026-08-10", "damage:event": "2026ColombiaEarthquake-Palmar", "damage:event:wikidata": "Q140984463", "damage:type": "earthquake", "earthquake:damage": "moderate", "source": "Kaart Ground Survey 2018", "osm_type": "way", "osm_id": 569489381}}, {"type": "Feature", "geometry": {"type": "Point", "coordinates": [-76.5479749, 3.4232782]}, "properties": {"building": "yes", "damage:date": "2026-08-10", "damage:event": "2026ColombiaEarthquake-Palmar", "damage:event:wikidata": "Q140984463", "damage:type": "earthquake", "earthquake:damage": "collapsed_building", "osm_type": "way", "osm_id": 569794577}}, {"type": "Feature", "geometry": {"type": "Point", "coordinates": [-76.548238, 3.4232559]}, "properties": {"damage:date": "2026-08-10", "damage:event": "2026ColombiaEarthquake-Palmar", "damage:event:wikidata": "Q140984463", "damage:type": "earthquake", "destroyed:building": "yes", "earthquake:damage": "collapsed_building", "osm_type": "way", "osm_id": 569794584}}, {"type": "Feature", "geometry": {"type": "Point", "coordinates": [-76.5511755, 3.3896285]}, "properties": {"addr:street": "Calle 2A", "building": "yes", "damage:date": "2026-08-10", "damage:event": "2026ColombiaEarthquake-Palmar", "damage:event:wikidata": "Q140984463", "damage:type": "earthquake", "earthquake:damage": "severe", "osm_type": "way", "osm_id": 572482680}}, {"type": "Feature", "geometry": {"type": "Point", "coordinates": [-76.534746, 3.4214339]}, "properties": {"addr:street": "Calle 10", "damage:date": "2026-08-10", "damage:event": "2026ColombiaEarthquake-Palmar", "damage:event:wikidata": "Q140984463", "damage:type": "earthquake", "destroyed:building": "yes", "earthquake:damage": "collapsed_building", "source": "Kaart Ground Survey 2018", "osm_type": "way", "osm_id": 573626505}}, {"type": "Feature", "geometry": {"type": "Point", "coordinates": [-76.5416663, 3.4145202]}, "properties": {"addr:housenumber": "45-17", "addr:street": "Calle 8B", "damage:date": "2026-08-10", "damage:event": "2026ColombiaEarthquake-Palmar", "damage:event:wikidata": "Q140984463", "damage:type": "earthquake", "destroyed:building": "yes", "earthquake:damage": "collapsed_building", "name": "Cantabria", "osm_type": "way", "osm_id": 573651860}}, {"type": "Feature", "geometry": {"type": "Point", "coordinates": [-76.5486171, 3.4036419]}, "properties": {"addr:housename": "Bloque 6", "building": "yes", "building:levels": "6", "damage:date": "2026-08-10", "damage:event": "2026ColombiaEarthquake-Palmar", "damage:event:wikidata": "Q140984463", "damage:type": "earthquake", "earthquake:damage": "moderate", "osm_type": "way", "osm_id": 614764687}}, {"type": "Feature", "geometry": {"type": "Point", "coordinates": [-76.5486827, 3.4010772]}, "properties": {"building": "residential", "damage:date": "2026-08-10", "damage:event": "2026ColombiaEarthquake-Palmar", "damage:event:wikidata": "Q140984463", "damage:type": "earthquake", "earthquake:damage": "severe", "osm_type": "way", "osm_id": 615480592}}, {"type": "Feature", "geometry": {"type": "Point", "coordinates": [-76.5500656, 3.4047278]}, "properties": {"building": "yes", "building:levels": "5", "damage:date": "2026-08-10", "damage:event": "2026ColombiaEarthquake-Palmar", "damage:event:wikidata": "Q140984463", "damage:type": "earthquake", "earthquake:damage": "moderate", "osm_type": "way", "osm_id": 621150295}}, {"type": "Feature", "geometry": {"type": "Point", "coordinates": [-76.5536264, 3.4138642]}, "properties": {"building": "apartments", "building:levels": "8", "damage:date": "2026-08-10", "damage:event": "2026ColombiaEarthquake-Palmar", "damage:event:wikidata": "Q140984463", "damage:type": "earthquake", "earthquake:damage": "severe", "osm_type": "way", "osm_id": 625438492}}, {"type": "Feature", "geometry": {"type": "Point", "coordinates": [-76.5535968, 3.4141185]}, "properties": {"building": "apartments", "building:levels": "8", "damage:date": "2026-08-10", "damage:event": "2026ColombiaEarthquake-Palmar", "damage:event:wikidata": "Q140984463", "damage:type": "earthquake", "earthquake:damage": "severe", "osm_type": "way", "osm_id": 625438493}}, {"type": "Feature", "geometry": {"type": "Point", "coordinates": [-76.5535803, 3.414343]}, "properties": {"building": "apartments", "building:levels": "8", "damage:date": "2026-08-10", "damage:event": "2026ColombiaEarthquake-Palmar", "damage:event:wikidata": "Q140984463", "damage:type": "earthquake", "earthquake:damage": "severe", "osm_type": "way", "osm_id": 625438494}}, {"type": "Feature", "geometry": {"type": "Point", "coordinates": [-76.5536651, 3.4133808]}, "properties": {"building": "apartments", "building:levels": "8", "damage:date": "2026-08-10", "damage:event": "2026ColombiaEarthquake-Palmar", "damage:event:wikidata": "Q140984463", "damage:type": "earthquake", "earthquake:damage": "severe", "osm_type": "way", "osm_id": 625438495}}, {"type": "Feature", "geometry": {"type": "Point", "coordinates": [-76.5536515, 3.4136055]}, "properties": {"building": "apartments", "building:levels": "8", "damage:date": "2026-08-10", "damage:event": "2026ColombiaEarthquake-Palmar", "damage:event:wikidata": "Q140984463", "damage:type": "earthquake", "earthquake:damage": "severe", "osm_type": "way", "osm_id": 625438496}}, {"type": "Feature", "geometry": {"type": "Point", "coordinates": [-76.5539682, 3.4145911]}, "properties": {"building": "apartments", "building:levels": "8", "damage:date": "2026-08-10", "damage:event": "2026ColombiaEarthquake-Palmar", "damage:event:wikidata": "Q140984463", "damage:type": "earthquake", "earthquake:damage": "severe", "osm_type": "way", "osm_id": 625438502}}, {"type": "Feature", "geometry": {"type": "Point", "coordinates": [-76.5542036, 3.4146571]}, "properties": {"building": "apartments", "building:levels": "8", "damage:date": "2026-08-10", "damage:event": "2026ColombiaEarthquake-Palmar", "damage:event:wikidata": "Q140984463", "damage:type": "earthquake", "earthquake:damage": "severe", "osm_type": "way", "osm_id": 625438503}}, {"type": "Feature", "geometry": {"type": "Point", "coordinates": [-76.5542827, 3.4144242]}, "properties": {"building": "apartments", "building:levels": "8", "damage:date": "2026-08-10", "damage:event": "2026ColombiaEarthquake-Palmar", "damage:event:wikidata": "Q140984463", "damage:type": "earthquake", "earthquake:damage": "severe", "osm_type": "way", "osm_id": 625438504}}, {"type": "Feature", "geometry": {"type": "Point", "coordinates": [-76.5543421, 3.4142146]}, "properties": {"building": "apartments", "building:levels": "8", "damage:date": "2026-08-10", "damage:event": "2026ColombiaEarthquake-Palmar", "damage:event:wikidata": "Q140984463", "damage:type": "earthquake", "earthquake:damage": "severe", "osm_type": "way", "osm_id": 625438505}}, {"type": "Feature", "geometry": {"type": "Point", "coordinates": [-76.5543974, 3.4139757]}, "properties": {"building": "apartments", "building:levels": "8", "damage:date": "2026-08-10", "damage:event": "2026ColombiaEarthquake-Palmar", "damage:event:wikidata": "Q140984463", "damage:type": "earthquake", "earthquake:damage": "severe", "osm_type": "way", "osm_id": 625438506}}, {"type": "Feature", "geometry": {"type": "Point", "coordinates": [-76.5543994, 3.4137562]}, "properties": {"building": "apartments", "building:levels": "8", "damage:date": "2026-08-10", "damage:event": "2026ColombiaEarthquake-Palmar", "damage:event:wikidata": "Q140984463", "damage:type": "earthquake", "earthquake:damage": "severe", "osm_type": "way", "osm_id": 625438507}}, {"type": "Feature", "geometry": {"type": "Point", "coordinates": [-76.5544028, 3.4135252]}, "properties": {"building": "apartments", "building:levels": "8", "damage:date": "2026-08-10", "damage:event": "2026ColombiaEarthquake-Palmar", "damage:event:wikidata": "Q140984463", "damage:type": "earthquake", "earthquake:damage": "severe", "osm_type": "way", "osm_id": 625438508}}, {"type": "Feature", "geometry": {"type": "Point", "coordinates": [-76.5544022, 3.4133002]}, "properties": {"building": "apartments", "building:levels": "8", "damage:date": "2026-08-10", "damage:event": "2026ColombiaEarthquake-Palmar", "damage:event:wikidata": "Q140984463", "damage:type": "earthquake", "earthquake:damage": "severe", "osm_type": "way", "osm_id": 625438509}}, {"type": "Feature", "geometry": {"type": "Point", "coordinates": [-76.5541544, 3.4132763]}, "properties": {"building": "apartments", "building:levels": "8", "damage:date": "2026-08-10", "damage:event": "2026ColombiaEarthquake-Palmar", "damage:event:wikidata": "Q140984463", "damage:type": "earthquake", "earthquake:damage": "severe", "osm_type": "way", "osm_id": 625438510}}, {"type": "Feature", "geometry": {"type": "Point", "coordinates": [-76.5480433, 3.4055341]}, "properties": {"building:levels": "2", "damage:date": "2026-08-10", "damage:event": "2026ColombiaEarthquake-Palmar", "damage:event:wikidata": "Q140984463", "damage:type": "earthquake", "destroyed:building": "yes", "earthquake:damage": "collapsed_building", "osm_type": "way", "osm_id": 627958435}}, {"type": "Feature", "geometry": {"type": "Point", "coordinates": [-76.5476068, 3.4061147]}, "properties": {"building": "yes", "building:levels": "8", "damage:date": "2026-08-10", "damage:event": "2026ColombiaEarthquake-Palmar", "damage:event:wikidata": "Q140984463", "damage:type": "earthquake", "earthquake:damage": "severe", "osm_type": "way", "osm_id": 627960599}}, {"type": "Feature", "geometry": {"type": "Point", "coordinates": [-76.5476144, 3.4056917]}, "properties": {"building": "yes", "building:levels": "8", "damage:date": "2026-08-10", "damage:event": "2026ColombiaEarthquake-Palmar", "damage:event:wikidata": "Q140984463", "damage:type": "earthquake", "earthquake:damage": "severe", "osm_type": "way", "osm_id": 628015322}}, {"type": "Feature", "geometry": {"type": "Point", "coordinates": [-76.5479656, 3.407909]}, "properties": {"building": "yes", "building:levels": "6", "damage:date": "2026-08-10", "damage:event": "2026ColombiaEarthquake-Palmar", "damage:event:wikidata": "Q140984463", "damage:type": "earthquake", "earthquake:damage": "severe", "osm_type": "way", "osm_id": 628027191}}, {"type": "Feature", "geometry": {"type": "Point", "coordinates": [-76.5478526, 3.406683]}, "properties": {"building": "yes", "building:levels": "6", "damage:date": "2026-08-10", "damage:event": "2026ColombiaEarthquake-Palmar", "damage:event:wikidata": "Q140984463", "damage:type": "earthquake", "earthquake:damage": "severe", "osm_type": "way", "osm_id": 628027192}}, {"type": "Feature", "geometry": {"type": "Point", "coordinates": [-76.547928, 3.4070094]}, "properties": {"building": "yes", "building:levels": "6", "damage:date": "2026-08-10", "damage:event": "2026ColombiaEarthquake-Palmar", "damage:event:wikidata": "Q140984463", "damage:type": "earthquake", "earthquake:damage": "severe", "osm_type": "way", "osm_id": 628027193}}, {"type": "Feature", "geometry": {"type": "Point", "coordinates": [-76.5479822, 3.4075967]}, "properties": {"building": "yes", "building:levels": "6", "damage:date": "2026-08-10", "damage:event": "2026ColombiaEarthquake-Palmar", "damage:event:wikidata": "Q140984463", "damage:type": "earthquake", "earthquake:damage": "severe", "osm_type": "way", "osm_id": 628027194}}, {"type": "Feature", "geometry": {"type": "Point", "coordinates": [-76.5475053, 3.4067105]}, "properties": {"building": "yes", "building:levels": "6", "damage:date": "2026-08-10", "damage:event": "2026ColombiaEarthquake-Palmar", "damage:event:wikidata": "Q140984463", "damage:type": "earthquake", "earthquake:damage": "severe", "osm_type": "way", "osm_id": 628027197}}, {"type": "Feature", "geometry": {"type": "Point", "coordinates": [-76.5475365, 3.4070144]}, "properties": {"building": "yes", "building:levels": "1", "damage:date": "2026-08-10", "damage:event": "2026ColombiaEarthquake-Palmar", "damage:event:wikidata": "Q140984463", "damage:type": "earthquake", "earthquake:damage": "severe", "osm_type": "way", "osm_id": 628027198}}, {"type": "Feature", "geometry": {"type": "Point", "coordinates": [-76.5475494, 3.4073553]}, "properties": {"building": "yes", "building:levels": "8", "damage:date": "2026-08-10", "damage:event": "2026ColombiaEarthquake-Palmar", "damage:event:wikidata": "Q140984463", "damage:type": "earthquake", "earthquake:damage": "severe", "osm_type": "way", "osm_id": 628027199}}, {"type": "Feature", "geometry": {"type": "Point", "coordinates": [-76.5476445, 3.4079128]}, "properties": {"building": "yes", "building:levels": "6", "damage:date": "2026-08-10", "damage:event": "2026ColombiaEarthquake-Palmar", "damage:event:wikidata": "Q140984463", "damage:type": "earthquake", "earthquake:damage": "severe", "osm_type": "way", "osm_id": 628027200}}, {"type": "Feature", "geometry": {"type": "Point", "coordinates": [-76.5475993, 3.407665]}, "properties": {"building": "yes", "building:levels": "1", "damage:date": "2026-08-10", "damage:event": "2026ColombiaEarthquake-Palmar", "damage:event:wikidata": "Q140984463", "damage:type": "earthquake", "earthquake:damage": "severe", "osm_type": "way", "osm_id": 628027201}}, {"type": "Feature", "geometry": {"type": "Point", "coordinates": [-76.5525448, 3.4077294]}, "properties": {"building": "yes", "building:levels": "7", "damage:date": "2026-08-10", "damage:event": "2026ColombiaEarthquake-Palmar", "damage:event:wikidata": "Q140984463", "damage:type": "earthquake", "earthquake:damage": "severe", "osm_type": "way", "osm_id": 628036931}}, {"type": "Feature", "geometry": {"type": "Point", "coordinates": [-76.5533802, 3.4072265]}, "properties": {"building": "yes", "building:levels": "2", "damage:date": "2026-08-10", "damage:event": "2026ColombiaEarthquake-Palmar", "damage:event:wikidata": "Q140984463", "damage:type": "earthquake", "earthquake:damage": "moderate", "osm_type": "way", "osm_id": 628037846}}, {"type": "Feature", "geometry": {"type": "Point", "coordinates": [-76.5532898, 3.4072119]}, "properties": {"building": "yes", "building:levels": "5", "damage:date": "2026-08-10", "damage:event": "2026ColombiaEarthquake-Palmar", "damage:event:wikidata": "Q140984463", "damage:type": "earthquake", "earthquake:damage": "moderate", "name": "Edificio Chezaro", "osm_type": "way", "osm_id": 628037866}}, {"type": "Feature", "geometry": {"type": "Point", "coordinates": [-75.6937908, 4.8114784]}, "properties": {"damage:date": "2026-08-10", "damage:event": "2026ColombiaEarthquake-Palmar", "damage:event:wikidata": "Q140984463", "damage:type": "earthquake", "destroyed:building": "yes", "osm_type": "way", "osm_id": 806197023}}, {"type": "Feature", "geometry": {"type": "Point", "coordinates": [-75.6938271, 4.811548]}, "properties": {"damage:date": "2026-08-10", "damage:event": "2026ColombiaEarthquake-Palmar", "damage:event:wikidata": "Q140984463", "damage:type": "earthquake", "destroyed:building": "yes", "osm_type": "way", "osm_id": 806197024}}, {"type": "Feature", "geometry": {"type": "Point", "coordinates": [-75.6938683, 4.8114858]}, "properties": {"damage:date": "2026-08-10", "damage:event": "2026ColombiaEarthquake-Palmar", "damage:event:wikidata": "Q140984463", "damage:type": "earthquake", "destroyed:building": "yes", "osm_type": "way", "osm_id": 806197092}}, {"type": "Feature", "geometry": {"type": "Point", "coordinates": [-75.6939551, 4.8115629]}, "properties": {"damage:date": "2026-08-10", "damage:event": "2026ColombiaEarthquake-Palmar", "damage:event:wikidata": "Q140984463", "damage:type": "earthquake", "destroyed:building": "yes", "osm_type": "way", "osm_id": 806197093}}, {"type": "Feature", "geometry": {"type": "Point", "coordinates": [-75.6938425, 4.8115727]}, "properties": {"damage:date": "2026-08-10", "damage:event": "2026ColombiaEarthquake-Palmar", "damage:event:wikidata": "Q140984463", "damage:type": "earthquake", "destroyed:building": "yes", "osm_type": "way", "osm_id": 806197094}}, {"type": "Feature", "geometry": {"type": "Point", "coordinates": [-75.6939335, 4.8115401]}, "properties": {"damage:date": "2026-08-10", "damage:event": "2026ColombiaEarthquake-Palmar", "damage:event:wikidata": "Q140984463", "damage:type": "earthquake", "destroyed:building": "yes", "osm_type": "way", "osm_id": 806197095}}, {"type": "Feature", "geometry": {"type": "Point", "coordinates": [-75.6939589, 4.8115426]}, "properties": {"damage:date": "2026-08-10", "damage:event": "2026ColombiaEarthquake-Palmar", "damage:event:wikidata": "Q140984463", "damage:type": "earthquake", "destroyed:building": "yes", "osm_type": "way", "osm_id": 806197096}}, {"type": "Feature", "geometry": {"type": "Point", "coordinates": [-75.6937317, 4.8115383]}, "properties": {"damage:date": "2026-08-10", "damage:event": "2026ColombiaEarthquake-Palmar", "damage:event:wikidata": "Q140984463", "damage:type": "earthquake", "destroyed:building": "yes", "osm_type": "way", "osm_id": 806197097}}, {"type": "Feature", "geometry": {"type": "Point", "coordinates": [-75.6915052, 4.8133628]}, "properties": {"damage:date": "2026-08-10", "damage:event": "2026ColombiaEarthquake-Palmar", "damage:event:wikidata": "Q140984463", "damage:type": "earthquake", "destroyed:building": "yes", "osm_type": "way", "osm_id": 806197133}}, {"type": "Feature", "geometry": {"type": "Point", "coordinates": [-75.6915584, 4.8133821]}, "properties": {"damage:date": "2026-08-10", "damage:event": "2026ColombiaEarthquake-Palmar", "damage:event:wikidata": "Q140984463", "damage:type": "earthquake", "destroyed:building": "yes", "osm_type": "way", "osm_id": 806197191}}, {"type": "Feature", "geometry": {"type": "Point", "coordinates": [-75.6914881, 4.8133682]}, "properties": {"damage:date": "2026-08-10", "damage:event": "2026ColombiaEarthquake-Palmar", "damage:event:wikidata": "Q140984463", "damage:type": "earthquake", "destroyed:building": "yes", "osm_type": "way", "osm_id": 806207140}}, {"type": "Feature", "geometry": {"type": "Point", "coordinates": [-76.5414831, 3.4200131]}, "properties": {"amenity": "hospital", "building": "yes", "damage:date": "2026-08-10", "damage:event": "2026ColombiaEarthquake-Palmar", "damage:event:wikidata": "Q140984463", "damage:type": "earthquake", "earthquake:damage": "moderate", "emergency": "no", "name": "Profamilia Joven", "osm_type": "way", "osm_id": 1092297772}}, {"type": "Feature", "geometry": {"type": "Point", "coordinates": [-76.5531695, 3.3894361]}, "properties": {"addr:housename": "Bloque 1", "building": "yes", "building:levels": "5", "damage:date": "2026-08-10", "damage:event": "2026ColombiaEarthquake-Palmar", "damage:event:wikidata": "Q140984463", "damage:type": "earthquake", "earthquake:damage": "moderate", "osm_type": "way", "osm_id": 1094351237}}, {"type": "Feature", "geometry": {"type": "Point", "coordinates": [-76.5534515, 3.3894086]}, "properties": {"addr:housename": "Bloque 2", "building": "yes", "building:levels": "5", "damage:date": "2026-08-10", "damage:event": "2026ColombiaEarthquake-Palmar", "damage:event:wikidata": "Q140984463", "damage:type": "earthquake", "earthquake:damage": "moderate", "osm_type": "way", "osm_id": 1094351238}}, {"type": "Feature", "geometry": {"type": "Point", "coordinates": [-76.553616, 3.3891009]}, "properties": {"addr:housename": "Bloque 3", "building": "yes", "building:levels": "5", "damage:date": "2026-08-10", "damage:event": "2026ColombiaEarthquake-Palmar", "damage:event:wikidata": "Q140984463", "damage:type": "earthquake", "earthquake:damage": "moderate", "osm_type": "way", "osm_id": 1094351239}}, {"type": "Feature", "geometry": {"type": "Point", "coordinates": [-76.5534242, 3.3888776]}, "properties": {"addr:housename": "Bloque 4", "building": "yes", "building:levels": "5", "damage:date": "2026-08-10", "damage:event": "2026ColombiaEarthquake-Palmar", "damage:event:wikidata": "Q140984463", "damage:type": "earthquake", "earthquake:damage": "moderate", "osm_type": "way", "osm_id": 1094351240}}, {"type": "Feature", "geometry": {"type": "Point", "coordinates": [-76.5530336, 3.3890861]}, "properties": {"addr:housename": "Bloque 5", "building": "yes", "building:levels": "5", "damage:date": "2026-08-10", "damage:event": "2026ColombiaEarthquake-Palmar", "damage:event:wikidata": "Q140984463", "damage:type": "earthquake", "earthquake:damage": "moderate", "osm_type": "way", "osm_id": 1094351241}}, {"type": "Feature", "geometry": {"type": "Point", "coordinates": [-76.5532647, 3.3887446]}, "properties": {"addr:housename": "Bloque 6", "building": "yes", "building:levels": "5", "damage:date": "2026-08-10", "damage:event": "2026ColombiaEarthquake-Palmar", "damage:event:wikidata": "Q140984463", "damage:type": "earthquake", "earthquake:damage": "moderate", "osm_type": "way", "osm_id": 1094351242}}, {"type": "Feature", "geometry": {"type": "Point", "coordinates": [-76.5535456, 3.3885407]}, "properties": {"addr:housename": "Bloque 7", "building": "yes", "building:levels": "5", "damage:date": "2026-08-10", "damage:event": "2026ColombiaEarthquake-Palmar", "damage:event:wikidata": "Q140984463", "damage:type": "earthquake", "earthquake:damage": "moderate", "osm_type": "way", "osm_id": 1094351243}}, {"type": "Feature", "geometry": {"type": "Point", "coordinates": [-76.5524381, 3.3888738]}, "properties": {"addr:housename": "Bloque 8", "building": "yes", "building:levels": "5", "damage:date": "2026-08-10", "damage:event": "2026ColombiaEarthquake-Palmar", "damage:event:wikidata": "Q140984463", "damage:type": "earthquake", "earthquake:damage": "moderate", "osm_type": "way", "osm_id": 1094351244}}, {"type": "Feature", "geometry": {"type": "Point", "coordinates": [-76.552305, 3.388625]}, "properties": {"addr:housename": "Bloque 9", "building": "yes", "building:levels": "5", "damage:date": "2026-08-10", "damage:event": "2026ColombiaEarthquake-Palmar", "damage:event:wikidata": "Q140984463", "damage:type": "earthquake", "earthquake:damage": "moderate", "osm_type": "way", "osm_id": 1094351245}}, {"type": "Feature", "geometry": {"type": "Point", "coordinates": [-76.6541425, 5.6814229]}, "properties": {"damage:date": "2026-08-10", "damage:event": "2026ColombiaEarthquake-Palmar", "damage:event:wikidata": "Q140984463", "damage:type": "earthquake", "destroyed:building": "yes", "ref:codcat": "270010103000000330020000000000", "osm_type": "way", "osm_id": 1176493359}}, {"type": "Feature", "geometry": {"type": "Point", "coordinates": [-76.6494767, 5.680953]}, "properties": {"damage:date": "2026-08-10", "damage:event": "2026ColombiaEarthquake-Palmar", "damage:event:wikidata": "Q140984463", "damage:type": "earthquake", "destroyed:building": "yes", "ref:codcat": "270010103000000700047000000000", "osm_type": "way", "osm_id": 1176507306}}, {"type": "Feature", "geometry": {"type": "Point", "coordinates": [-76.5487831, 3.4127559]}, "properties": {"building": "yes", "damage:date": "2026-08-10", "damage:event": "2026ColombiaEarthquake-Palmar", "damage:event:wikidata": "Q140984463", "damage:type": "earthquake", "earthquake:damage": "moderate", "shop": "mall", "osm_type": "way", "osm_id": 1265036571}}, {"type": "Feature", "geometry": {"type": "Point", "coordinates": [-76.4936572, 3.9213334]}, "properties": {"building": "yes", "damage:date": "2026-08-10", "damage:event": "2026ColombiaEarthquake-Palmar", "damage:event:wikidata": "Q140984463", "damage:type": "earthquake", "osm_type": "way", "osm_id": 1426523343}}, {"type": "Feature", "geometry": {"type": "Point", "coordinates": [-76.4890222, 3.9269756]}, "properties": {"building": "yes", "damage:date": "2026-08-10", "damage:event": "2026ColombiaEarthquake-Palmar", "damage:event:wikidata": "Q140984463", "damage:type": "earthquake", "osm_type": "way", "osm_id": 1426523381}}, {"type": "Feature", "geometry": {"type": "Point", "coordinates": [-76.4890675, 3.926395]}, "properties": {"building": "yes", "damage:date": "2026-08-10", "damage:event": "2026ColombiaEarthquake-Palmar", "damage:event:wikidata": "Q140984463", "damage:type": "earthquake", "osm_type": "way", "osm_id": 1426523393}}, {"type": "Feature", "geometry": {"type": "Point", "coordinates": [-76.4837856, 3.9312982]}, "properties": {"damage:date": "2026-08-10", "damage:event": "2026ColombiaEarthquake-Palmar", "damage:event:wikidata": "Q140984463", "damage:type": "earthquake", "destroyed:building": "yes", "earthquake:damage": "collapsed_building", "osm_type": "way", "osm_id": 1426523407}}, {"type": "Feature", "geometry": {"type": "Point", "coordinates": [-76.4756632, 3.933299]}, "properties": {"building": "yes", "damage:date": "2026-08-10", "damage:event": "2026ColombiaEarthquake-Palmar", "damage:event:wikidata": "Q140984463", "damage:type": "earthquake", "osm_type": "way", "osm_id": 1426523420}}, {"type": "Feature", "geometry": {"type": "Point", "coordinates": [-76.4790202, 3.9333026]}, "properties": {"damage:date": "2026-08-10", "damage:event": "2026ColombiaEarthquake-Palmar", "damage:event:wikidata": "Q140984463", "damage:type": "earthquake", "destroyed:building": "yes", "osm_type": "way", "osm_id": 1426523426}}, {"type": "Feature", "geometry": {"type": "Point", "coordinates": [-76.4753271, 3.9328146]}, "properties": {"building": "yes", "damage:date": "2026-08-10", "damage:event": "2026ColombiaEarthquake-Palmar", "damage:event:wikidata": "Q140984463", "damage:type": "earthquake", "osm_type": "way", "osm_id": 1428901588}}, {"type": "Feature", "geometry": {"type": "Point", "coordinates": [-76.4754234, 3.9328004]}, "properties": {"building": "yes", "damage:date": "2026-08-10", "damage:event": "2026ColombiaEarthquake-Palmar", "damage:event:wikidata": "Q140984463", "damage:type": "earthquake", "osm_type": "way", "osm_id": 1428901589}}, {"type": "Feature", "geometry": {"type": "Point", "coordinates": [-76.4758792, 3.9338061]}, "properties": {"building": "yes", "damage:date": "2026-08-10", "damage:event": "2026ColombiaEarthquake-Palmar", "damage:event:wikidata": "Q140984463", "damage:type": "earthquake", "osm_type": "way", "osm_id": 1428905585}}, {"type": "Feature", "geometry": {"type": "Point", "coordinates": [-76.4759246, 3.9334798]}, "properties": {"building": "yes", "damage:date": "2026-08-10", "damage:event": "2026ColombiaEarthquake-Palmar", "damage:event:wikidata": "Q140984463", "damage:type": "earthquake", "osm_type": "way", "osm_id": 1428905587}}, {"type": "Feature", "geometry": {"type": "Point", "coordinates": [-76.1217529, 4.7268021]}, "properties": {"building": "church", "damage:date": "2026-08-10", "damage:event": "2026ColombiaEarthquake-Palmar", "damage:event:wikidata": "Q140984463", "damage:type": "earthquake", "destroyed:building": "yes", "osm_type": "way", "osm_id": 1549176126}}, {"type": "Feature", "geometry": {"type": "Point", "coordinates": [-76.5498523, 3.409999]}, "properties": {"building": "ruins", "damage:date": "2026-08-10", "damage:event": "2026ColombiaEarthquake-Palmar", "damage:event:wikidata": "Q140984463", "damage:type": "earthquake", "earthquake:damage": "collapsed_building", "osm_type": "way", "osm_id": 1549448920}}, {"type": "Feature", "geometry": {"type": "Point", "coordinates": [-76.5499013, 3.4095492]}, "properties": {"building": "ruins", "damage:date": "2026-08-10", "damage:event": "2026ColombiaEarthquake-Palmar", "damage:event:wikidata": "Q140984463", "damage:type": "earthquake", "earthquake:damage": "collapsed_building", "osm_type": "way", "osm_id": 1549448921}}, {"type": "Feature", "geometry": {"type": "Point", "coordinates": [-76.0429189, 4.9053923]}, "properties": {"building": "yes", "damage:date": "2026-08-10", "damage:event": "2026ColombiaEarthquake-Palmar", "damage:event:wikidata": "Q140984463", "damage:type": "earthquake", "osm_type": "way", "osm_id": 1549449111}}, {"type": "Feature", "geometry": {"type": "Point", "coordinates": [-76.0429616, 4.9059855]}, "properties": {"building": "yes", "damage:date": "2026-08-10", "damage:event": "2026ColombiaEarthquake-Palmar", "damage:event:wikidata": "Q140984463", "damage:type": "earthquake", "osm_type": "way", "osm_id": 1549449131}}, {"type": "Feature", "geometry": {"type": "Point", "coordinates": [-76.0427197, 4.9058664]}, "properties": {"building": "yes", "damage:date": "2026-08-10", "damage:event": "2026ColombiaEarthquake-Palmar", "damage:event:wikidata": "Q140984463", "damage:type": "earthquake", "osm_type": "way", "osm_id": 1549450362}}, {"type": "Feature", "geometry": {"type": "Point", "coordinates": [-76.5478412, 3.4085827]}, "properties": {"building": "yes", "damage:date": "2026-08-10", "damage:event": "2026ColombiaEarthquake-Palmar", "damage:event:wikidata": "Q140984463", "damage:type": "earthquake", "earthquake:damage": "severe", "osm_type": "way", "osm_id": 1549450783}}, {"type": "Feature", "geometry": {"type": "Point", "coordinates": [-76.5477772, 3.4084525]}, "properties": {"building": "yes", "damage:date": "2026-08-10", "damage:event": "2026ColombiaEarthquake-Palmar", "damage:event:wikidata": "Q140984463", "damage:type": "earthquake", "earthquake:damage": "severe", "osm_type": "way", "osm_id": 1549450784}}, {"type": "Feature", "geometry": {"type": "Point", "coordinates": [-76.5476724, 3.4082834]}, "properties": {"building": "yes", "damage:date": "2026-08-10", "damage:event": "2026ColombiaEarthquake-Palmar", "damage:event:wikidata": "Q140984463", "damage:type": "earthquake", "earthquake:damage": "severe", "osm_type": "way", "osm_id": 1549450785}}, {"type": "Feature", "geometry": {"type": "Point", "coordinates": [-76.5476668, 3.4087205]}, "properties": {"building": "yes", "damage:date": "2026-08-10", "damage:event": "2026ColombiaEarthquake-Palmar", "damage:event:wikidata": "Q140984463", "damage:type": "earthquake", "earthquake:damage": "severe", "osm_type": "way", "osm_id": 1549450786}}, {"type": "Feature", "geometry": {"type": "Point", "coordinates": [-76.5484281, 3.4079859]}, "properties": {"damage:date": "2026-08-10", "damage:event": "2026ColombiaEarthquake-Palmar", "damage:event:wikidata": "Q140984463", "damage:type": "earthquake", "destroyed:building": "yes", "earthquake:damage": "collapsed_building", "name": "Edificio Maria Mercedes", "osm_type": "way", "osm_id": 1549450787}}, {"type": "Feature", "geometry": {"type": "Point", "coordinates": [-76.5499345, 3.4085809]}, "properties": {"building": "yes", "damage:date": "2026-08-10", "damage:event": "2026ColombiaEarthquake-Palmar", "damage:event:wikidata": "Q140984463", "damage:type": "earthquake", "earthquake:damage": "severe", "name": "Torre Cañaveralejo I", "osm_type": "way", "osm_id": 1549451227}}, {"type": "Feature", "geometry": {"type": "Point", "coordinates": [-76.0423724, 4.9061464]}, "properties": {"building": "yes", "damage:date": "2026-08-10", "damage:event": "2026ColombiaEarthquake-Palmar", "damage:event:wikidata": "Q140984463", "damage:type": "earthquake", "osm_type": "way", "osm_id": 1549455968}}, {"type": "Feature", "geometry": {"type": "Point", "coordinates": [-76.0424228, 4.9062551]}, "properties": {"building": "yes", "damage:date": "2026-08-10", "damage:event": "2026ColombiaEarthquake-Palmar", "damage:event:wikidata": "Q140984463", "damage:type": "earthquake", "osm_type": "way", "osm_id": 1549455969}}, {"type": "Feature", "geometry": {"type": "Point", "coordinates": [-76.5444155, 3.3913582]}, "properties": {"building": "yes", "damage:date": "2026-08-10", "damage:event": "2026ColombiaEarthquake-Palmar", "damage:event:wikidata": "Q140984463", "damage:type": "earthquake", "earthquake:damage": "severe", "name": "Edificio Amalfi", "osm_type": "way", "osm_id": 1549469629}}, {"type": "Feature", "geometry": {"type": "Point", "coordinates": [-76.5492001, 3.4245848]}, "properties": {"building": "yes", "damage:date": "2026-08-10", "damage:event": "2026ColombiaEarthquake-Palmar", "damage:event:wikidata": "Q140984463", "damage:type": "earthquake", "earthquake:damage": "severe", "osm_type": "way", "osm_id": 1549471378}}, {"type": "Feature", "geometry": {"type": "Point", "coordinates": [-76.5530388, 3.407687]}, "properties": {"building": "yes", "damage:date": "2026-08-10", "damage:event": "2026ColombiaEarthquake-Palmar", "damage:event:wikidata": "Q140984463", "damage:type": "earthquake", "earthquake:damage": "severe", "osm_type": "way", "osm_id": 1549471379}}, {"type": "Feature", "geometry": {"type": "Point", "coordinates": [-76.5528304, 3.4076707]}, "properties": {"building": "yes", "damage:date": "2026-08-10", "damage:event": "2026ColombiaEarthquake-Palmar", "damage:event:wikidata": "Q140984463", "damage:type": "earthquake", "earthquake:damage": "severe", "osm_type": "way", "osm_id": 1549471380}}, {"type": "Feature", "geometry": {"type": "Point", "coordinates": [-76.5489862, 3.422118]}, "properties": {"building": "yes", "damage:date": "2026-08-10", "damage:event": "2026ColombiaEarthquake-Palmar", "damage:event:wikidata": "Q140984463", "damage:type": "earthquake", "earthquake:damage": "moderate", "name": "Edificio Mía", "osm_type": "way", "osm_id": 1549474601}}, {"type": "Feature", "geometry": {"type": "Point", "coordinates": [-76.5470996, 3.4222558]}, "properties": {"damage:date": "2026-08-10", "damage:event": "2026ColombiaEarthquake-Palmar", "damage:event:wikidata": "Q140984463", "damage:type": "earthquake", "destroyed:building": "yes", "earthquake:damage": "collapsed_building", "osm_type": "way", "osm_id": 1549474602}}, {"type": "Feature", "geometry": {"type": "Point", "coordinates": [-76.5479339, 3.4201541]}, "properties": {"damage:date": "2026-08-10", "damage:event": "2026ColombiaEarthquake-Palmar", "damage:event:wikidata": "Q140984463", "damage:type": "earthquake", "destroyed:building": "yes", "earthquake:damage": "collapsed_building", "osm_type": "way", "osm_id": 1549474603}}, {"type": "Feature", "geometry": {"type": "Point", "coordinates": [-76.5508906, 3.4042654]}, "properties": {"building": "yes", "damage:date": "2026-08-10", "damage:event": "2026ColombiaEarthquake-Palmar", "damage:event:wikidata": "Q140984463", "damage:type": "earthquake", "earthquake:damage": "moderate", "osm_type": "way", "osm_id": 1549474605}}, {"type": "Feature", "geometry": {"type": "Point", "coordinates": [-76.5485514, 3.4175535]}, "properties": {"building": "yes", "damage:date": "2026-08-10", "damage:event": "2026ColombiaEarthquake-Palmar", "damage:event:wikidata": "Q140984463", "damage:type": "earthquake", "earthquake:damage": "moderate", "osm_type": "way", "osm_id": 1549475021}}, {"type": "Feature", "geometry": {"type": "Point", "coordinates": [-76.5485682, 3.4182614]}, "properties": {"building": "yes", "damage:date": "2026-08-10", "damage:event": "2026ColombiaEarthquake-Palmar", "damage:event:wikidata": "Q140984463", "damage:type": "earthquake", "earthquake:damage": "moderate", "osm_type": "way", "osm_id": 1549475022}}, {"type": "Feature", "geometry": {"type": "Point", "coordinates": [-76.5424287, 3.4220241]}, "properties": {"building": "yes", "damage:date": "2026-08-10", "damage:event": "2026ColombiaEarthquake-Palmar", "damage:event:wikidata": "Q140984463", "damage:type": "earthquake", "earthquake:damage": "severe", "name": "Edificio Bachué", "osm_type": "way", "osm_id": 1549475551}}, {"type": "Feature", "geometry": {"type": "Point", "coordinates": [-76.5528092, 3.3959148]}, "properties": {"building": "yes", "damage:date": "2026-08-10", "damage:event": "2026ColombiaEarthquake-Palmar", "damage:event:wikidata": "Q140984463", "damage:type": "earthquake", "earthquake:damage": "severe", "name": "Edificio Gracias a dios", "osm_type": "way", "osm_id": 1549477231}}, {"type": "Feature", "geometry": {"type": "Point", "coordinates": [-76.5483445, 3.4072063]}, "properties": {"damage:date": "2026-08-10", "damage:event": "2026ColombiaEarthquake-Palmar", "damage:event:wikidata": "Q140984463", "damage:type": "earthquake", "destroyed:building": "yes", "earthquake:damage": "collapsed_building", "name": "Edificio Maria Elvira Lloreda", "osm_type": "way", "osm_id": 1549479538}}, {"type": "Feature", "geometry": {"type": "Point", "coordinates": [-76.5372252, 3.4053776]}, "properties": {"building": "yes", "damage:date": "2026-08-10", "damage:event": "2026ColombiaEarthquake-Palmar", "damage:event:wikidata": "Q140984463", "damage:type": "earthquake", "earthquake:damage": "severe", "name": "Edificio Laverdy", "osm_type": "way", "osm_id": 1549479968}}, {"type": "Feature", "geometry": {"type": "Point", "coordinates": [-75.6967267, 4.8063676]}, "properties": {"damage:date": "2026-08-10", "damage:event": "2026ColombiaEarthquake-Palmar", "damage:event:wikidata": "Q140984463", "damage:type": "earthquake", "destroyed:building": "yes", "earthquake:damage": "collapsed_building", "osm_type": "way", "osm_id": 1549479969}}, {"type": "Feature", "geometry": {"type": "Point", "coordinates": [-76.5474756, 3.3962253]}, "properties": {"building": "yes", "damage:date": "2026-08-10", "damage:event": "2026ColombiaEarthquake-Palmar", "damage:event:wikidata": "Q140984463", "damage:type": "earthquake", "earthquake:damage": "moderate", "name": "Edificio Miró Living Refugio", "osm_type": "way", "osm_id": 1549495975}}, {"type": "Feature", "geometry": {"type": "Point", "coordinates": [-76.5478756, 3.3962944]}, "properties": {"damage:date": "2026-08-10", "damage:event": "2026ColombiaEarthquake-Palmar", "damage:event:wikidata": "Q140984463", "damage:type": "earthquake", "destroyed:building": "yes", "earthquake:damage": "collapsed_building", "osm_type": "way", "osm_id": 1549495976}}, {"type": "Feature", "geometry": {"type": "Point", "coordinates": [-76.5480861, 3.3962673]}, "properties": {"building": "yes", "damage:date": "2026-08-10", "damage:event": "2026ColombiaEarthquake-Palmar", "damage:event:wikidata": "Q140984463", "damage:type": "earthquake", "earthquake:damage": "severe", "osm_type": "way", "osm_id": 1549495977}}, {"type": "Feature", "geometry": {"type": "Point", "coordinates": [-76.5459451, 3.3978677]}, "properties": {"building": "yes", "damage:date": "2026-08-10", "damage:event": "2026ColombiaEarthquake-Palmar", "damage:event:wikidata": "Q140984463", "damage:type": "earthquake", "earthquake:damage": "severe", "osm_type": "way", "osm_id": 1549507005}}, {"type": "Feature", "geometry": {"type": "Point", "coordinates": [-76.5384739, 3.4222655]}, "properties": {"damage:date": "2026-08-10", "damage:event": "2026ColombiaEarthquake-Palmar", "damage:event:wikidata": "Q140984463", "damage:type": "earthquake", "destroyed:building": "yes", "earthquake:damage": "collapsed_building", "osm_type": "way", "osm_id": 1549620964}}, {"type": "Feature", "geometry": {"type": "Point", "coordinates": [-76.4902477, 3.4207936]}, "properties": {"damage:date": "2026-08-10", "damage:event": "2026ColombiaEarthquake-Palmar", "damage:event:wikidata": "Q140984463", "damage:type": "earthquake", "destroyed:building": "yes", "earthquake:damage": "collapsed_building", "name": "Notaría 20", "osm_type": "way", "osm_id": 1549648152}}, {"type": "Feature", "geometry": {"type": "Point", "coordinates": [-76.5420525, 3.4130336]}, "properties": {"building": "yes", "damage:date": "2026-08-10", "damage:event": "2026ColombiaEarthquake-Palmar", "damage:event:wikidata": "Q140984463", "damage:type": "earthquake", "earthquake:damage": "severe", "name": "Edificio Torre de Kaúa", "osm_type": "way", "osm_id": 1549677049}}, {"type": "Feature", "geometry": {"type": "Point", "coordinates": [-76.539052, 3.416678]}, "properties": {"building": "yes", "damage:date": "2026-08-10", "damage:event": "2026ColombiaEarthquake-Palmar", "damage:event:wikidata": "Q140984463", "damage:type": "earthquake", "earthquake:damage": "severe", "name": "Multifamiliar Los Laureles", "osm_type": "way", "osm_id": 1549790810}}, {"type": "Feature", "geometry": {"type": "Point", "coordinates": [-76.5392296, 3.4167478]}, "properties": {"damage:date": "2026-08-10", "damage:event": "2026ColombiaEarthquake-Palmar", "damage:event:wikidata": "Q140984463", "damage:type": "earthquake", "destroyed:building": "yes", "earthquake:damage": "collapsed_building", "name": "Edificio Vanessa", "osm_type": "way", "osm_id": 1549790811}}, {"type": "Feature", "geometry": {"type": "Point", "coordinates": [-76.5397292, 3.4163487]}, "properties": {"building": "yes", "damage:date": "2026-08-10", "damage:event": "2026ColombiaEarthquake-Palmar", "damage:event:wikidata": "Q140984463", "damage:type": "earthquake", "earthquake:damage": "severe", "name": "Hotel Metropolis", "tourism": "hotel", "osm_type": "way", "osm_id": 1549790813}}, {"type": "Feature", "geometry": {"type": "Point", "coordinates": [-76.5398225, 3.4162325]}, "properties": {"building": "yes", "damage:date": "2026-08-10", "damage:event": "2026ColombiaEarthquake-Palmar", "damage:event:wikidata": "Q140984463", "damage:type": "earthquake", "earthquake:damage": "severe", "name": "Edificio La Fontaine", "osm_type": "way", "osm_id": 1549790814}}, {"type": "Feature", "geometry": {"type": "Point", "coordinates": [-76.5398477, 3.4161181]}, "properties": {"damage:date": "2026-08-10", "damage:event": "2026ColombiaEarthquake-Palmar", "damage:event:wikidata": "Q140984463", "damage:type": "earthquake", "destroyed:building": "yes", "earthquake:damage": "collapsed_building", "osm_type": "way", "osm_id": 1549790815}}, {"type": "Feature", "geometry": {"type": "Point", "coordinates": [-76.5277428, 3.4626866]}, "properties": {"building": "yes", "damage:date": "2026-08-10", "damage:event": "2026ColombiaEarthquake-Palmar", "damage:event:wikidata": "Q140984463", "damage:type": "earthquake", "earthquake:damage": "severe", "name": "Edificio Vanessa (Norte)", "osm_type": "way", "osm_id": 1549790888}}, {"type": "Feature", "geometry": {"type": "Point", "coordinates": [-76.5346109, 3.3983671]}, "properties": {"building": "yes", "damage:date": "2026-08-10", "damage:event": "2026ColombiaEarthquake-Palmar", "damage:event:wikidata": "Q140984463", "damage:type": "earthquake", "earthquake:damage": "severe", "osm_type": "way", "osm_id": 1550588422}}, {"type": "Feature", "geometry": {"type": "Point", "coordinates": [-76.5547084, 3.3724028]}, "properties": {"building": "apartments", "damage:date": "2026-08-10", "damage:event": "2026ColombiaEarthquake-Palmar", "damage:event:wikidata": "Q140984463", "damage:type": "earthquake", "earthquake:damage": "moderate", "osm_type": "way", "osm_id": 1550606412}}, {"type": "Feature", "geometry": {"type": "Point", "coordinates": [-76.5549888, 3.3724256]}, "properties": {"building": "apartments", "damage:date": "2026-08-10", "damage:event": "2026ColombiaEarthquake-Palmar", "damage:event:wikidata": "Q140984463", "damage:type": "earthquake", "earthquake:damage": "moderate", "osm_type": "way", "osm_id": 1550606413}}, {"type": "Feature", "geometry": {"type": "Point", "coordinates": [-76.5552905, 3.3724657]}, "properties": {"building": "apartments", "damage:date": "2026-08-10", "damage:event": "2026ColombiaEarthquake-Palmar", "damage:event:wikidata": "Q140984463", "damage:type": "earthquake", "earthquake:damage": "moderate", "osm_type": "way", "osm_id": 1550606414}}, {"type": "Feature", "geometry": {"type": "Point", "coordinates": [-76.5555724, 3.3724968]}, "properties": {"building": "apartments", "damage:date": "2026-08-10", "damage:event": "2026ColombiaEarthquake-Palmar", "damage:event:wikidata": "Q140984463", "damage:type": "earthquake", "earthquake:damage": "moderate", "osm_type": "way", "osm_id": 1550606415}}, {"type": "Feature", "geometry": {"type": "Point", "coordinates": [-76.5558148, 3.3724791]}, "properties": {"building": "apartments", "damage:date": "2026-08-10", "damage:event": "2026ColombiaEarthquake-Palmar", "damage:event:wikidata": "Q140984463", "damage:type": "earthquake", "earthquake:damage": "moderate", "osm_type": "way", "osm_id": 1550606416}}, {"type": "Feature", "geometry": {"type": "Point", "coordinates": [-76.5560294, 3.3725058]}, "properties": {"building": "apartments", "damage:date": "2026-08-10", "damage:event": "2026ColombiaEarthquake-Palmar", "damage:event:wikidata": "Q140984463", "damage:type": "earthquake", "earthquake:damage": "moderate", "osm_type": "way", "osm_id": 1550606417}}, {"type": "Feature", "geometry": {"type": "Point", "coordinates": [-76.5560134, 3.3721591]}, "properties": {"building": "apartments", "damage:date": "2026-08-10", "damage:event": "2026ColombiaEarthquake-Palmar", "damage:event:wikidata": "Q140984463", "damage:type": "earthquake", "earthquake:damage": "moderate", "osm_type": "way", "osm_id": 1550606418}}, {"type": "Feature", "geometry": {"type": "Point", "coordinates": [-76.5564234, 3.3704308]}, "properties": {"building": "apartments", "damage:date": "2026-08-10", "damage:event": "2026ColombiaEarthquake-Palmar", "damage:event:wikidata": "Q140984463", "damage:type": "earthquake", "earthquake:damage": "moderate", "osm_type": "way", "osm_id": 1550606419}}, {"type": "Feature", "geometry": {"type": "Point", "coordinates": [-76.5561418, 3.370261]}, "properties": {"building": "apartments", "damage:date": "2026-08-10", "damage:event": "2026ColombiaEarthquake-Palmar", "damage:event:wikidata": "Q140984463", "damage:type": "earthquake", "earthquake:damage": "moderate", "osm_type": "way", "osm_id": 1550606420}}, {"type": "Feature", "geometry": {"type": "Point", "coordinates": [-76.5559191, 3.3704658]}, "properties": {"building": "apartments", "damage:date": "2026-08-10", "damage:event": "2026ColombiaEarthquake-Palmar", "damage:event:wikidata": "Q140984463", "damage:type": "earthquake", "earthquake:damage": "moderate", "osm_type": "way", "osm_id": 1550606421}}, {"type": "Feature", "geometry": {"type": "Point", "coordinates": [-76.5561862, 3.3706691]}, "properties": {"building": "apartments", "damage:date": "2026-08-10", "damage:event": "2026ColombiaEarthquake-Palmar", "damage:event:wikidata": "Q140984463", "damage:type": "earthquake", "earthquake:damage": "moderate", "osm_type": "way", "osm_id": 1550606422}}, {"type": "Feature", "geometry": {"type": "Point", "coordinates": [-76.556909, 3.3707054]}, "properties": {"building": "apartments", "damage:date": "2026-08-10", "damage:event": "2026ColombiaEarthquake-Palmar", "damage:event:wikidata": "Q140984463", "damage:type": "earthquake", "earthquake:damage": "moderate", "osm_type": "way", "osm_id": 1550606423}}, {"type": "Feature", "geometry": {"type": "Point", "coordinates": [-76.5566756, 3.370866]}, "properties": {"building": "apartments", "damage:date": "2026-08-10", "damage:event": "2026ColombiaEarthquake-Palmar", "damage:event:wikidata": "Q140984463", "damage:type": "earthquake", "earthquake:damage": "moderate", "osm_type": "way", "osm_id": 1550606424}}, {"type": "Feature", "geometry": {"type": "Point", "coordinates": [-76.5568728, 3.3711296]}, "properties": {"building": "apartments", "damage:date": "2026-08-10", "damage:event": "2026ColombiaEarthquake-Palmar", "damage:event:wikidata": "Q140984463", "damage:type": "earthquake", "earthquake:damage": "moderate", "osm_type": "way", "osm_id": 1550606425}}, {"type": "Feature", "geometry": {"type": "Point", "coordinates": [-76.5571398, 3.3709877]}, "properties": {"building": "apartments", "damage:date": "2026-08-10", "damage:event": "2026ColombiaEarthquake-Palmar", "damage:event:wikidata": "Q140984463", "damage:type": "earthquake", "earthquake:damage": "moderate", "osm_type": "way", "osm_id": 1550606426}}, {"type": "Feature", "geometry": {"type": "Point", "coordinates": [-76.555811, 3.3717003]}, "properties": {"building": "apartments", "damage:date": "2026-08-10", "damage:event": "2026ColombiaEarthquake-Palmar", "damage:event:wikidata": "Q140984463", "damage:type": "earthquake", "earthquake:damage": "moderate", "osm_type": "way", "osm_id": 1550606427}}, {"type": "Feature", "geometry": {"type": "Point", "coordinates": [-76.5561463, 3.3716853]}, "properties": {"building": "apartments", "damage:date": "2026-08-10", "damage:event": "2026ColombiaEarthquake-Palmar", "damage:event:wikidata": "Q140984463", "damage:type": "earthquake", "earthquake:damage": "moderate", "osm_type": "way", "osm_id": 1550606428}}, {"type": "Feature", "geometry": {"type": "Point", "coordinates": [-76.5563459, 3.3713598]}, "properties": {"building": "apartments", "damage:date": "2026-08-10", "damage:event": "2026ColombiaEarthquake-Palmar", "damage:event:wikidata": "Q140984463", "damage:type": "earthquake", "earthquake:damage": "moderate", "osm_type": "way", "osm_id": 1550606429}}, {"type": "Feature", "geometry": {"type": "Point", "coordinates": [-76.556111, 3.3710963]}, "properties": {"building": "apartments", "damage:date": "2026-08-10", "damage:event": "2026ColombiaEarthquake-Palmar", "damage:event:wikidata": "Q140984463", "damage:type": "earthquake", "earthquake:damage": "moderate", "osm_type": "way", "osm_id": 1550606430}}, {"type": "Feature", "geometry": {"type": "Point", "coordinates": [-76.5554877, 3.3714709]}, "properties": {"building": "apartments", "damage:date": "2026-08-10", "damage:event": "2026ColombiaEarthquake-Palmar", "damage:event:wikidata": "Q140984463", "damage:type": "earthquake", "earthquake:damage": "moderate", "osm_type": "way", "osm_id": 1550606431}}, {"type": "Feature", "geometry": {"type": "Point", "coordinates": [-76.5557641, 3.3712301]}, "properties": {"building": "apartments", "damage:date": "2026-08-10", "damage:event": "2026ColombiaEarthquake-Palmar", "damage:event:wikidata": "Q140984463", "damage:type": "earthquake", "earthquake:damage": "moderate", "osm_type": "way", "osm_id": 1550606432}}, {"type": "Feature", "geometry": {"type": "Point", "coordinates": [-76.5558942, 3.3708904]}, "properties": {"building": "apartments", "damage:date": "2026-08-10", "damage:event": "2026ColombiaEarthquake-Palmar", "damage:event:wikidata": "Q140984463", "damage:type": "earthquake", "earthquake:damage": "moderate", "osm_type": "way", "osm_id": 1550606433}}, {"type": "Feature", "geometry": {"type": "Point", "coordinates": [-76.555139, 3.3712702]}, "properties": {"building": "apartments", "damage:date": "2026-08-10", "damage:event": "2026ColombiaEarthquake-Palmar", "damage:event:wikidata": "Q140984463", "damage:type": "earthquake", "earthquake:damage": "moderate", "osm_type": "way", "osm_id": 1550606434}}, {"type": "Feature", "geometry": {"type": "Point", "coordinates": [-76.5553577, 3.3710079]}, "properties": {"building": "apartments", "damage:date": "2026-08-10", "damage:event": "2026ColombiaEarthquake-Palmar", "damage:event:wikidata": "Q140984463", "damage:type": "earthquake", "earthquake:damage": "moderate", "osm_type": "way", "osm_id": 1550606435}}, {"type": "Feature", "geometry": {"type": "Point", "coordinates": [-76.5552853, 3.3707242]}, "properties": {"building": "apartments", "damage:date": "2026-08-10", "damage:event": "2026ColombiaEarthquake-Palmar", "damage:event:wikidata": "Q140984463", "damage:type": "earthquake", "earthquake:damage": "moderate", "osm_type": "way", "osm_id": 1550606436}}, {"type": "Feature", "geometry": {"type": "Point", "coordinates": [-76.5550472, 3.3709134]}, "properties": {"building": "apartments", "damage:date": "2026-08-10", "damage:event": "2026ColombiaEarthquake-Palmar", "damage:event:wikidata": "Q140984463", "damage:type": "earthquake", "earthquake:damage": "moderate", "osm_type": "way", "osm_id": 1550606437}}, {"type": "Feature", "geometry": {"type": "Point", "coordinates": [-76.5560454, 3.3697805]}, "properties": {"building": "apartments", "damage:date": "2026-08-10", "damage:event": "2026ColombiaEarthquake-Palmar", "damage:event:wikidata": "Q140984463", "damage:type": "earthquake", "earthquake:damage": "moderate", "osm_type": "way", "osm_id": 1550606438}}, {"type": "Feature", "geometry": {"type": "Point", "coordinates": [-76.5557546, 3.369659]}, "properties": {"building": "apartments", "damage:date": "2026-08-10", "damage:event": "2026ColombiaEarthquake-Palmar", "damage:event:wikidata": "Q140984463", "damage:type": "earthquake", "earthquake:damage": "moderate", "osm_type": "way", "osm_id": 1550606439}}, {"type": "Feature", "geometry": {"type": "Point", "coordinates": [-76.5556888, 3.3700706]}, "properties": {"building": "apartments", "damage:date": "2026-08-10", "damage:event": "2026ColombiaEarthquake-Palmar", "damage:event:wikidata": "Q140984463", "damage:type": "earthquake", "earthquake:damage": "moderate", "osm_type": "way", "osm_id": 1550606440}}, {"type": "Feature", "geometry": {"type": "Point", "coordinates": [-76.5554153, 3.3702353]}, "properties": {"building": "apartments", "damage:date": "2026-08-10", "damage:event": "2026ColombiaEarthquake-Palmar", "damage:event:wikidata": "Q140984463", "damage:type": "earthquake", "earthquake:damage": "moderate", "osm_type": "way", "osm_id": 1550606441}}, {"type": "Feature", "geometry": {"type": "Point", "coordinates": [-76.5551473, 3.3703867]}, "properties": {"building": "apartments", "damage:date": "2026-08-10", "damage:event": "2026ColombiaEarthquake-Palmar", "damage:event:wikidata": "Q140984463", "damage:type": "earthquake", "earthquake:damage": "moderate", "osm_type": "way", "osm_id": 1550606442}}, {"type": "Feature", "geometry": {"type": "Point", "coordinates": [-76.555225, 3.3700038]}, "properties": {"building": "apartments", "damage:date": "2026-08-10", "damage:event": "2026ColombiaEarthquake-Palmar", "damage:event:wikidata": "Q140984463", "damage:type": "earthquake", "earthquake:damage": "moderate", "osm_type": "way", "osm_id": 1550606443}}, {"type": "Feature", "geometry": {"type": "Point", "coordinates": [-76.5549421, 3.3701711]}, "properties": {"building": "apartments", "damage:date": "2026-08-10", "damage:event": "2026ColombiaEarthquake-Palmar", "damage:event:wikidata": "Q140984463", "damage:type": "earthquake", "earthquake:damage": "moderate", "osm_type": "way", "osm_id": 1550606444}}, {"type": "Feature", "geometry": {"type": "Point", "coordinates": [-76.554631, 3.3703974]}, "properties": {"building": "apartments", "damage:date": "2026-08-10", "damage:event": "2026ColombiaEarthquake-Palmar", "damage:event:wikidata": "Q140984463", "damage:type": "earthquake", "earthquake:damage": "moderate", "osm_type": "way", "osm_id": 1550606445}}, {"type": "Feature", "geometry": {"type": "Point", "coordinates": [-76.5544697, 3.3706972]}, "properties": {"building": "apartments", "damage:date": "2026-08-10", "damage:event": "2026ColombiaEarthquake-Palmar", "damage:event:wikidata": "Q140984463", "damage:type": "earthquake", "earthquake:damage": "moderate", "osm_type": "way", "osm_id": 1550606446}}, {"type": "Feature", "geometry": {"type": "Point", "coordinates": [-76.5547433, 3.370653]}, "properties": {"building": "apartments", "damage:date": "2026-08-10", "damage:event": "2026ColombiaEarthquake-Palmar", "damage:event:wikidata": "Q140984463", "damage:type": "earthquake", "earthquake:damage": "moderate", "osm_type": "way", "osm_id": 1550606447}}, {"type": "Feature", "geometry": {"type": "Point", "coordinates": [-76.5546829, 3.3709662]}, "properties": {"building": "apartments", "damage:date": "2026-08-10", "damage:event": "2026ColombiaEarthquake-Palmar", "damage:event:wikidata": "Q140984463", "damage:type": "earthquake", "earthquake:damage": "moderate", "osm_type": "way", "osm_id": 1550606448}}, {"type": "Feature", "geometry": {"type": "Point", "coordinates": [-76.5542942, 3.3701216]}, "properties": {"building": "apartments", "damage:date": "2026-08-10", "damage:event": "2026ColombiaEarthquake-Palmar", "damage:event:wikidata": "Q140984463", "damage:type": "earthquake", "earthquake:damage": "moderate", "osm_type": "way", "osm_id": 1550606449}}, {"type": "Feature", "geometry": {"type": "Point", "coordinates": [-76.5547542, 3.3699275]}, "properties": {"building": "apartments", "damage:date": "2026-08-10", "damage:event": "2026ColombiaEarthquake-Palmar", "damage:event:wikidata": "Q140984463", "damage:type": "earthquake", "earthquake:damage": "moderate", "osm_type": "way", "osm_id": 1550606450}}, {"type": "Feature", "geometry": {"type": "Point", "coordinates": [-76.5550465, 3.3697186]}, "properties": {"building": "apartments", "damage:date": "2026-08-10", "damage:event": "2026ColombiaEarthquake-Palmar", "damage:event:wikidata": "Q140984463", "damage:type": "earthquake", "earthquake:damage": "moderate", "osm_type": "way", "osm_id": 1550606451}}, {"type": "Feature", "geometry": {"type": "Point", "coordinates": [-76.5566197, 3.37015]}, "properties": {"building": "apartments", "damage:date": "2026-08-10", "damage:event": "2026ColombiaEarthquake-Palmar", "damage:event:wikidata": "Q140984463", "damage:type": "earthquake", "earthquake:damage": "moderate", "osm_type": "way", "osm_id": 1550606452}}, {"type": "Feature", "geometry": {"type": "Point", "coordinates": [-76.5564194, 3.3697225]}, "properties": {"building": "apartments", "damage:date": "2026-08-10", "damage:event": "2026ColombiaEarthquake-Palmar", "damage:event:wikidata": "Q140984463", "damage:type": "earthquake", "earthquake:damage": "moderate", "osm_type": "way", "osm_id": 1550606453}}, {"type": "Feature", "geometry": {"type": "Point", "coordinates": [-76.5562548, 3.3694458]}, "properties": {"building": "apartments", "damage:date": "2026-08-10", "damage:event": "2026ColombiaEarthquake-Palmar", "damage:event:wikidata": "Q140984463", "damage:type": "earthquake", "earthquake:damage": "moderate", "osm_type": "way", "osm_id": 1550606454}}, {"type": "Feature", "geometry": {"type": "Point", "coordinates": [-76.5560296, 3.3690642]}, "properties": {"building": "apartments", "damage:date": "2026-08-10", "damage:event": "2026ColombiaEarthquake-Palmar", "damage:event:wikidata": "Q140984463", "damage:type": "earthquake", "earthquake:damage": "moderate", "osm_type": "way", "osm_id": 1550606455}}, {"type": "Feature", "geometry": {"type": "Point", "coordinates": [-76.5559625, 3.3692837]}, "properties": {"building": "apartments", "damage:date": "2026-08-10", "damage:event": "2026ColombiaEarthquake-Palmar", "damage:event:wikidata": "Q140984463", "damage:type": "earthquake", "earthquake:damage": "moderate", "osm_type": "way", "osm_id": 1550606456}}, {"type": "Feature", "geometry": {"type": "Point", "coordinates": [-76.555646, 3.3692916]}, "properties": {"building": "apartments", "damage:date": "2026-08-10", "damage:event": "2026ColombiaEarthquake-Palmar", "damage:event:wikidata": "Q140984463", "damage:type": "earthquake", "earthquake:damage": "moderate", "osm_type": "way", "osm_id": 1550606457}}, {"type": "Feature", "geometry": {"type": "Point", "coordinates": [-76.5553748, 3.3693543]}, "properties": {"building": "apartments", "damage:date": "2026-08-10", "damage:event": "2026ColombiaEarthquake-Palmar", "damage:event:wikidata": "Q140984463", "damage:type": "earthquake", "earthquake:damage": "moderate", "osm_type": "way", "osm_id": 1550606458}}, {"type": "Feature", "geometry": {"type": "Point", "coordinates": [-76.555579, 3.3689048]}, "properties": {"building": "apartments", "damage:date": "2026-08-10", "damage:event": "2026ColombiaEarthquake-Palmar", "damage:event:wikidata": "Q140984463", "damage:type": "earthquake", "earthquake:damage": "moderate", "osm_type": "way", "osm_id": 1550606459}}, {"type": "Feature", "geometry": {"type": "Point", "coordinates": [-76.5552557, 3.3689394]}, "properties": {"building": "apartments", "damage:date": "2026-08-10", "damage:event": "2026ColombiaEarthquake-Palmar", "damage:event:wikidata": "Q140984463", "damage:type": "earthquake", "earthquake:damage": "moderate", "osm_type": "way", "osm_id": 1550606460}}, {"type": "Feature", "geometry": {"type": "Point", "coordinates": [-76.5549968, 3.3691923]}, "properties": {"building": "apartments", "damage:date": "2026-08-10", "damage:event": "2026ColombiaEarthquake-Palmar", "damage:event:wikidata": "Q140984463", "damage:type": "earthquake", "earthquake:damage": "moderate", "osm_type": "way", "osm_id": 1550606461}}, {"type": "Feature", "geometry": {"type": "Point", "coordinates": [-76.5548171, 3.3695511]}, "properties": {"building": "apartments", "damage:date": "2026-08-10", "damage:event": "2026ColombiaEarthquake-Palmar", "damage:event:wikidata": "Q140984463", "damage:type": "earthquake", "earthquake:damage": "moderate", "osm_type": "way", "osm_id": 1550606462}}, {"type": "Feature", "geometry": {"type": "Point", "coordinates": [-76.5543907, 3.3698016]}, "properties": {"building": "apartments", "damage:date": "2026-08-10", "damage:event": "2026ColombiaEarthquake-Palmar", "damage:event:wikidata": "Q140984463", "damage:type": "earthquake", "earthquake:damage": "moderate", "osm_type": "way", "osm_id": 1550606463}}, {"type": "Feature", "geometry": {"type": "Point", "coordinates": [-76.5544886, 3.3693638]}, "properties": {"building": "apartments", "damage:date": "2026-08-10", "damage:event": "2026ColombiaEarthquake-Palmar", "damage:event:wikidata": "Q140984463", "damage:type": "earthquake", "earthquake:damage": "moderate", "osm_type": "way", "osm_id": 1550606464}}, {"type": "Feature", "geometry": {"type": "Point", "coordinates": [-76.5546467, 3.3690049]}, "properties": {"building": "apartments", "damage:date": "2026-08-10", "damage:event": "2026ColombiaEarthquake-Palmar", "damage:event:wikidata": "Q140984463", "damage:type": "earthquake", "earthquake:damage": "moderate", "osm_type": "way", "osm_id": 1550606465}}, {"type": "Feature", "geometry": {"type": "Point", "coordinates": [-76.5548501, 3.3687554]}, "properties": {"building": "apartments", "damage:date": "2026-08-10", "damage:event": "2026ColombiaEarthquake-Palmar", "damage:event:wikidata": "Q140984463", "damage:type": "earthquake", "earthquake:damage": "moderate", "osm_type": "way", "osm_id": 1550606466}}, {"type": "Feature", "geometry": {"type": "Point", "coordinates": [-76.5541893, 3.3704467]}, "properties": {"building": "apartments", "damage:date": "2026-08-10", "damage:event": "2026ColombiaEarthquake-Palmar", "damage:event:wikidata": "Q140984463", "damage:type": "earthquake", "earthquake:damage": "moderate", "osm_type": "way", "osm_id": 1550608711}}, {"type": "Feature", "geometry": {"type": "Point", "coordinates": [-76.0416837, 4.9081818]}, "properties": {"building": "yes", "damage:date": "2026-08-10", "damage:event": "2026ColombiaEarthquake-Palmar", "damage:event:wikidata": "Q140984463", "damage:type": "earthquake", "osm_type": "way", "osm_id": 1550661873}}, {"type": "Feature", "geometry": {"type": "Point", "coordinates": [-76.0417442, 4.9080096]}, "properties": {"damage:date": "2026-08-10", "damage:event": "2026ColombiaEarthquake-Palmar", "damage:event:wikidata": "Q140984463", "damage:type": "earthquake", "destroyed:building": "yes", "osm_type": "way", "osm_id": 1550661875}}, {"type": "Feature", "geometry": {"type": "Point", "coordinates": [-76.042367, 4.9079209]}, "properties": {"building": "yes", "damage:date": "2026-08-10", "damage:event": "2026ColombiaEarthquake-Palmar", "damage:event:wikidata": "Q140984463", "damage:type": "earthquake", "osm_type": "way", "osm_id": 1550661884}}, {"type": "Feature", "geometry": {"type": "Point", "coordinates": [-76.0423312, 4.907996]}, "properties": {"building": "yes", "damage:date": "2026-08-10", "damage:event": "2026ColombiaEarthquake-Palmar", "damage:event:wikidata": "Q140984463", "damage:type": "earthquake", "osm_type": "way", "osm_id": 1550661885}}, {"type": "Feature", "geometry": {"type": "Point", "coordinates": [-76.0423146, 4.9072734]}, "properties": {"building": "church", "damage:date": "2026-08-10", "damage:event": "2026ColombiaEarthquake-Palmar", "damage:event:wikidata": "Q140984463", "damage:type": "earthquake", "osm_type": "way", "osm_id": 1550661902}}, {"type": "Feature", "geometry": {"type": "Point", "coordinates": [-76.0424875, 4.9069998]}, "properties": {"building": "yes", "damage:date": "2026-08-10", "damage:event": "2026ColombiaEarthquake-Palmar", "damage:event:wikidata": "Q140984463", "damage:type": "earthquake", "osm_type": "way", "osm_id": 1550661904}}, {"type": "Feature", "geometry": {"type": "Point", "coordinates": [-76.5409065, 3.4204096]}, "properties": {"building": "yes", "damage:date": "2026-08-10", "damage:event": "2026ColombiaEarthquake-Palmar", "damage:event:wikidata": "Q140984463", "damage:type": "earthquake", "earthquake:damage": "severe", "name": "Edificio Archinie", "osm_type": "way", "osm_id": 1550830540}}, {"type": "Feature", "geometry": {"type": "Point", "coordinates": [-76.5411117, 3.414481]}, "properties": {"building": "yes", "damage:date": "2026-08-10", "damage:event": "2026ColombiaEarthquake-Palmar", "damage:event:wikidata": "Q140984463", "damage:type": "earthquake", "earthquake:damage": "severe", "osm_type": "way", "osm_id": 1550860305}}, {"type": "Feature", "geometry": {"type": "Point", "coordinates": [-76.5413562, 3.4143163]}, "properties": {"building": "yes", "damage:date": "2026-08-10", "damage:event": "2026ColombiaEarthquake-Palmar", "damage:event:wikidata": "Q140984463", "damage:type": "earthquake", "earthquake:damage": "severe", "osm_type": "way", "osm_id": 1550860306}}, {"type": "Feature", "geometry": {"type": "Point", "coordinates": [-75.6940798, 4.8143462]}, "properties": {"damage:date": "2026-08-10", "damage:event": "2026ColombiaEarthquake-Palmar", "damage:event:wikidata": "Q140984463", "damage:type": "earthquake", "destroyed:building": "yes", "earthquake:damage": "collapsed_building", "landuse": "brownfield", "name": "Edificio Santiago Londoño", "osm_type": "way", "osm_id": 1550877253}}, {"type": "Feature", "geometry": {"type": "Point", "coordinates": [-76.5538259, 3.4130812]}, "properties": {"building": "yes", "damage:date": "2026-08-10", "damage:event": "2026ColombiaEarthquake-Palmar", "damage:event:wikidata": "Q140984463", "damage:type": "earthquake", "earthquake:damage": "severe", "osm_type": "way", "osm_id": 1550902988}}, {"type": "Feature", "geometry": {"type": "Point", "coordinates": [-76.5275166, 3.4325193]}, "properties": {"damage:date": "2026-08-10", "damage:event": "2026ColombiaEarthquake-Palmar", "damage:event:wikidata": "Q140984463", "damage:type": "earthquake", "destroyed:building": "yes", "earthquake:damage": "collapsed_building", "osm_type": "way", "osm_id": 1550911167}}, {"type": "Feature", "geometry": {"type": "Point", "coordinates": [-76.5505728, 3.4097253]}, "properties": {"building": "yes", "damage:date": "2026-08-10", "damage:event": "2026ColombiaEarthquake-Palmar", "damage:event:wikidata": "Q140984463", "damage:type": "earthquake", "earthquake:damage": "moderate", "osm_type": "way", "osm_id": 1550911172}}, {"type": "Feature", "geometry": {"type": "Point", "coordinates": [-76.5456588, 3.4151535]}, "properties": {"building": "yes", "damage:date": "2026-08-10", "damage:event": "2026ColombiaEarthquake-Palmar", "damage:event:wikidata": "Q140984463", "damage:type": "earthquake", "earthquake:damage": "moderate", "osm_type": "way", "osm_id": 1550912399}}, {"type": "Feature", "geometry": {"type": "Point", "coordinates": [-76.5347462, 3.4343558]}, "properties": {"building": "yes", "damage:date": "2026-08-10", "damage:event": "2026ColombiaEarthquake-Palmar", "damage:event:wikidata": "Q140984463", "damage:type": "earthquake", "earthquake:damage": "severe", "osm_type": "way", "osm_id": 1550934229}}, {"type": "Feature", "geometry": {"type": "Point", "coordinates": [-76.5347995, 3.4343863]}, "properties": {"damage:date": "2026-08-10", "damage:event": "2026ColombiaEarthquake-Palmar", "damage:event:wikidata": "Q140984463", "damage:type": "earthquake", "destroyed:building": "yes", "earthquake:damage": "collapsed_building", "osm_type": "way", "osm_id": 1550934230}}, {"type": "Feature", "geometry": {"type": "Point", "coordinates": [-76.5429771, 3.4223698]}, "properties": {"damage:date": "2026-08-10", "damage:event": "2026ColombiaEarthquake-Palmar", "damage:event:wikidata": "Q140984463", "damage:type": "earthquake", "destroyed:building": "yes", "earthquake:damage": "collapsed_building", "name": "Edificio Mirasol", "osm_type": "way", "osm_id": 1550935446}}, {"type": "Feature", "geometry": {"type": "Point", "coordinates": [-76.5528625, 3.3979467]}, "properties": {"building": "yes", "damage:date": "2026-08-10", "damage:event": "2026ColombiaEarthquake-Palmar", "damage:event:wikidata": "Q140984463", "damage:type": "earthquake", "earthquake:damage": "moderate", "osm_type": "way", "osm_id": 1550938250}}, {"type": "Feature", "geometry": {"type": "Point", "coordinates": [-76.5345706, 3.4579324]}, "properties": {"building": "yes", "damage:date": "2026-08-10", "damage:event": "2026ColombiaEarthquake-Palmar", "damage:event:wikidata": "Q140984463", "damage:type": "earthquake", "earthquake:damage": "severe", "osm_type": "way", "osm_id": 1550946028}}, {"type": "Feature", "geometry": {"type": "Point", "coordinates": [-75.6928499, 4.8066694]}, "properties": {"damage:date": "2026-08-10", "damage:event": "2026ColombiaEarthquake-Palmar", "damage:event:wikidata": "Q140984463", "damage:type": "earthquake", "destroyed:building": "yes", "osm_type": "way", "osm_id": 1551354970}}, {"type": "Feature", "geometry": {"type": "Point", "coordinates": [-76.5489045, 3.4088543]}, "properties": {"addr:street": "Carrera 56", "damage:date": "2026-08-10", "damage:event": "2026ColombiaEarthquake-Palmar", "damage:event:wikidata": "Q140984463", "damage:type": "earthquake", "destroyed:building": "yes", "earthquake:damage": "collapsed_building", "name": "Ana Pilar", "osm_type": "way", "osm_id": 1551433156}}, {"type": "Feature", "geometry": {"type": "Point", "coordinates": [-76.5418894, 3.4207022]}, "properties": {"building": "yes", "damage:date": "2026-08-10", "damage:event": "2026ColombiaEarthquake-Palmar", "damage:event:wikidata": "Q140984463", "damage:type": "earthquake", "earthquake:damage": "severe", "name": "Edificio Géminis", "osm_type": "way", "osm_id": 1552317605}}, {"type": "Feature", "geometry": {"type": "Point", "coordinates": [-76.4285566, 3.9790263]}, "properties": {"damage:date": "2026-08-10", "damage:event": "2026ColombiaEarthquake-Palmar", "damage:event:wikidata": "Q140984463", "damage:type": "earthquake", "destroyed:building": "yes", "osm_type": "way", "osm_id": 1554386233}}, {"type": "Feature", "geometry": {"type": "Point", "coordinates": [-76.4296102, 3.9778825]}, "properties": {"damage:date": "2026-08-10", "damage:event": "2026ColombiaEarthquake-Palmar", "damage:event:wikidata": "Q140984463", "damage:type": "earthquake", "destroyed:building": "yes", "osm_type": "way", "osm_id": 1554386332}}, {"type": "Feature", "geometry": {"type": "Point", "coordinates": [-76.4353546, 3.9800492]}, "properties": {"damage:date": "2026-08-10", "damage:event": "2026ColombiaEarthquake-Palmar", "damage:event:wikidata": "Q140984463", "damage:type": "earthquake", "destroyed:building": "yes", "osm_type": "way", "osm_id": 1554538102}}, {"type": "Feature", "geometry": {"type": "Point", "coordinates": [-76.432913, 3.9821967]}, "properties": {"building": "yes", "damage:date": "2026-08-10", "damage:event": "2026ColombiaEarthquake-Palmar", "damage:event:wikidata": "event:wikidata=Q140984463", "damage:type": "earthquake", "destroyed:building": "yes", "osm_type": "way", "osm_id": 1554538103}}, {"type": "Feature", "geometry": {"type": "Point", "coordinates": [-76.4327684, 3.982546]}, "properties": {"building": "yes", "damage:date": "2026-08-10", "damage:event": "2026ColombiaEarthquake-Palmar", "damage:event:wikidata": "Q140984463", "damage:type": "earthquake", "destroyed:building": "yes", "osm_type": "way", "osm_id": 1554538104}}, {"type": "Feature", "geometry": {"type": "Point", "coordinates": [-76.4373237, 3.971595]}, "properties": {"damage:date": "2026-08-10", "damage:event": "2026ColombiaEarthquake-Palmar", "damage:event:wikidata": "Q140984463", "damage:type": "earthquake", "destroyed:building": "yes", "earthquake:damage": "collapsed_building", "osm_type": "way", "osm_id": 1554553320}}, {"type": "Feature", "geometry": {"type": "Point", "coordinates": [-76.4355956, 3.9781673]}, "properties": {"building": "yes", "damage:date": "2026-08-10", "damage:event": "2026ColombiaEarthquake-Palmar", "damage:event:wikidata": "Q140984463", "damage:type": "earthquake", "osm_type": "way", "osm_id": 1554558525}}, {"type": "Feature", "geometry": {"type": "Point", "coordinates": [-76.4349072, 3.9784457]}, "properties": {"building": "yes", "damage:date": "2026-08-10", "damage:event": "2026ColombiaEarthquake-Palmar", "damage:event:wikidata": "Q140984463", "damage:type": "earthquake", "osm_type": "way", "osm_id": 1554558538}}, {"type": "Feature", "geometry": {"type": "Point", "coordinates": [-76.4360942, 3.9769131]}, "properties": {"damage:date": "2026-08-10", "damage:event": "2026ColombiaEarthquake-Palmar", "damage:event:wikidata": "Q140984463", "damage:type": "earthquake", "destroyed:building": "yes", "osm_type": "way", "osm_id": 1554558596}}, {"type": "Feature", "geometry": {"type": "Point", "coordinates": [-76.4357159, 3.9768706]}, "properties": {"building": "yes", "damage:date": "2026-08-10", "damage:event": "2026ColombiaEarthquake-Palmar", "damage:event:wikidata": "Q140984463", "damage:type": "earthquake", "osm_type": "way", "osm_id": 1554558599}}, {"type": "Feature", "geometry": {"type": "Point", "coordinates": [-76.4357654, 3.9768685]}, "properties": {"building": "yes", "damage:date": "2026-08-10", "damage:event": "2026ColombiaEarthquake-Palmar", "damage:event:wikidata": "Q140984463", "damage:type": "earthquake", "osm_type": "way", "osm_id": 1554558600}}, {"type": "Feature", "geometry": {"type": "Point", "coordinates": [-76.4361234, 3.9766618]}, "properties": {"damage:date": "2026-08-10", "damage:event": "2026ColombiaEarthquake-Palmar", "damage:event:wikidata": "Q140984463", "damage:type": "earthquake", "destroyed:building": "yes", "osm_type": "way", "osm_id": 1554558608}}, {"type": "Feature", "geometry": {"type": "Point", "coordinates": [-76.4334272, 3.9783506]}, "properties": {"damage:date": "2026-08-10", "damage:event": "2026ColombiaEarthquake-Palmar", "damage:event:wikidata": "Q140984463", "damage:type": "earthquake", "destroyed:building": "yes", "osm_type": "way", "osm_id": 1554558669}}, {"type": "Feature", "geometry": {"type": "Point", "coordinates": [-76.4276507, 3.9853764]}, "properties": {"damage:date": "2026-08-10", "damage:event": "2026ColombiaEarthquake-Palmar", "damage:event:wikidata": "Q140984463", "damage:type": "earthquake", "destroyed:building": "yes", "osm_type": "way", "osm_id": 1554561733}}, {"type": "Feature", "geometry": {"type": "Point", "coordinates": [-76.4270713, 3.9860856]}, "properties": {"building": "yes", "damage:date": "2026-08-10", "damage:event": "2026ColombiaEarthquake-Palmar", "damage:event:wikidata": "Q140984463", "damage:type": "earthquake", "osm_type": "way", "osm_id": 1554561759}}, {"type": "Feature", "geometry": {"type": "Point", "coordinates": [-76.4284959, 3.9852738]}, "properties": {"building": "yes", "damage:date": "2026-08-10", "damage:event": "2026ColombiaEarthquake-Palmar", "damage:event:wikidata": "Q140984463", "damage:type": "earthquake", "osm_type": "way", "osm_id": 1554561770}}, {"type": "Feature", "geometry": {"type": "Point", "coordinates": [-76.431607, 3.9853805]}, "properties": {"building": "yes", "damage:date": "2026-08-10", "damage:event": "2026ColombiaEarthquake-Palmar", "damage:event:wikidata": "Q140984463", "damage:type": "earthquake", "osm_type": "way", "osm_id": 1554561799}}, {"type": "Feature", "geometry": {"type": "Point", "coordinates": [-75.7497183, 4.8053476]}, "properties": {"damage:date": "2026-08-10", "damage:event": "2026ColombiaEarthquake-Palmar", "damage:event:wikidata": "Q140984463", "damage:type": "earthquake", "destroyed:building": "house", "earthquake:damage": "collapsed_building", "osm_type": "way", "osm_id": 1554630470}}, {"type": "Feature", "geometry": {"type": "Point", "coordinates": [-75.7497863, 4.8053396]}, "properties": {"damage:date": "2026-08-10", "damage:event": "2026ColombiaEarthquake-Palmar", "damage:event:wikidata": "Q140984463", "damage:type": "earthquake", "destroyed:building": "house", "earthquake:damage": "collapsed_building", "osm_type": "way", "osm_id": 1554630471}}, {"type": "Feature", "geometry": {"type": "Point", "coordinates": [-75.7498475, 4.8053149]}, "properties": {"damage:date": "2026-08-10", "damage:event": "2026ColombiaEarthquake-Palmar", "damage:event:wikidata": "Q140984463", "damage:type": "earthquake", "destroyed:building": "house", "earthquake:damage": "collapsed_building", "osm_type": "way", "osm_id": 1554630472}}, {"type": "Feature", "geometry": {"type": "Point", "coordinates": [-76.4291255, 3.9826248]}, "properties": {"building": "yes", "damage:date": "2026-08-10", "damage:event": "2026ColombiaEarthquake-Palmar", "damage:event:wikidata": "Q140984463", "damage:type": "earthquake", "osm_type": "way", "osm_id": 1554662542}}, {"type": "Feature", "geometry": {"type": "Point", "coordinates": [-76.5427203, 3.4210262]}, "properties": {"damage:date": "2026-08-10", "damage:event": "2026ColombiaEarthquake-Palmar", "damage:event:wikidata": "Q140984463", "damage:type": "earthquake", "destroyed:building": "yes", "earthquake:damage": "collapsed_building", "name": "Innopolitica Iberoamericana", "osm_type": "way", "osm_id": 1554684610}}, {"type": "Feature", "geometry": {"type": "Point", "coordinates": [-76.4397816, 3.96767]}, "properties": {"building": "yes", "damage:date": "2026-08-10", "damage:event": "2026ColombiaEarthquake-Palmar", "damage:event:wikidata": "Q140984463", "damage:type": "earthquake", "osm_type": "way", "osm_id": 1554689083}}, {"type": "Feature", "geometry": {"type": "Point", "coordinates": [-76.4309072, 3.9824018]}, "properties": {"damage:date": "2026-08-10", "damage:event": "2026ColombiaEarthquake-Palmar", "damage:event:wikidata": "Q140984463", "damage:type": "earthquake", "destroyed:building": "yes", "osm_type": "way", "osm_id": 1554725997}}, {"type": "Feature", "geometry": {"type": "Point", "coordinates": [-76.4282615, 3.9794562]}, "properties": {"building": "yes", "damage:date": "2026-08-10", "damage:event": "2026ColombiaEarthquake-Palmar", "damage:event:wikidata": "Q140984463", "damage:type": "earthquake", "osm_type": "way", "osm_id": 1554726000}}, {"type": "Feature", "geometry": {"type": "Point", "coordinates": [-76.430842, 3.9813161]}, "properties": {"building": "yes", "damage:date": "2026-08-10", "damage:event": "2026ColombiaEarthquake-Palmar", "damage:event:wikidata": "Q140984463", "damage:type": "earthquake", "osm_type": "way", "osm_id": 1554726015}}, {"type": "Feature", "geometry": {"type": "Point", "coordinates": [-76.4289354, 3.9813926]}, "properties": {"building": "yes", "damage:date": "2026-08-10", "damage:event": "2026ColombiaEarthquake-Palmar", "damage:event:wikidata": "Q140984463", "damage:type": "earthquake", "osm_type": "way", "osm_id": 1554726030}}, {"type": "Feature", "geometry": {"type": "Point", "coordinates": [-76.4287177, 3.9830607]}, "properties": {"damage:date": "2026-08-10", "damage:event": "2026ColombiaEarthquake-Palmar", "damage:event:wikidata": "Q140984463", "damage:type": "earthquake", "destroyed:building": "yes", "osm_type": "way", "osm_id": 1554726036}}, {"type": "Feature", "geometry": {"type": "Point", "coordinates": [-76.4285215, 3.9832315]}, "properties": {"building": "yes", "damage:date": "2026-08-10", "damage:event": "2026ColombiaEarthquake-Palmar", "damage:event:wikidata": "Q140984463", "damage:type": "earthquake", "osm_type": "way", "osm_id": 1554726038}}, {"type": "Feature", "geometry": {"type": "Point", "coordinates": [-76.1206632, 4.7273412]}, "properties": {"building": "yes", "damage:date": "2026-08-10", "damage:event": "2026ColombiaEarthquake-Palmar", "damage:event:wikidata": "Q140984463", "damage:type": "earthquake", "destroyed:building": "yes", "osm_type": "way", "osm_id": 1554844264}}, {"type": "Feature", "geometry": {"type": "Point", "coordinates": [-76.120824, 4.7269383]}, "properties": {"building": "yes", "damage:date": "2026-08-10", "damage:event": "2026ColombiaEarthquake-Palmar", "damage:event:wikidata": "Q140984463", "damage:type": "earthquake", "osm_type": "way", "osm_id": 1554846615}}, {"type": "Feature", "geometry": {"type": "Point", "coordinates": [-76.1205661, 4.7278128]}, "properties": {"building": "yes", "damage:date": "2026-08-10", "damage:event": "2026ColombiaEarthquake-Palmar", "damage:event:wikidata": "Q140984463", "damage:type": "earthquake", "destroyed:building": "yes", "osm_type": "way", "osm_id": 1554847113}}, {"type": "Feature", "geometry": {"type": "Point", "coordinates": [-76.1203282, 4.7279109]}, "properties": {"damage:date": "2026-08-10", "damage:event": "2026ColombiaEarthquake-Palmar", "damage:event:wikidata": "Q140984463", "damage:type": "earthquake", "destroyed:building": "yes", "osm_type": "way", "osm_id": 1554847389}}, {"type": "Feature", "geometry": {"type": "Point", "coordinates": [-76.119448, 4.7266583]}, "properties": {"damage:date": "2026-08-10", "damage:event": "2026ColombiaEarthquake-Palmar", "damage:event:wikidata": "Q140984463", "damage:type": "earthquake", "destroyed:building": "yes", "osm_type": "way", "osm_id": 1554853886}}, {"type": "Feature", "geometry": {"type": "Point", "coordinates": [-76.1195827, 4.7267255]}, "properties": {"damage:date": "2026-08-10", "damage:event": "2026ColombiaEarthquake-Palmar", "damage:event:wikidata": "Q140984463", "damage:type": "earthquake", "destroyed:building": "yes", "osm_type": "way", "osm_id": 1554854065}}, {"type": "Feature", "geometry": {"type": "Point", "coordinates": [-76.1200497, 4.7263558]}, "properties": {"damage:date": "2026-08-10", "damage:event": "2026ColombiaEarthquake-Palmar", "damage:event:wikidata": "Q140984463", "damage:type": "earthquake", "destroyed:building": "yes", "osm_type": "way", "osm_id": 1554854313}}, {"type": "Feature", "geometry": {"type": "Point", "coordinates": [-76.1221079, 4.7251725]}, "properties": {"damage:date": "2026-08-10", "damage:event": "2026ColombiaEarthquake-Palmar", "damage:event:wikidata": "Q140984463", "damage:type": "earthquake", "destroyed:building": "yes", "osm_type": "way", "osm_id": 1554854708}}, {"type": "Feature", "geometry": {"type": "Point", "coordinates": [-76.4324305, 3.9805224]}, "properties": {"damage:date": "2026-08-10", "damage:event": "2026ColombiaEarthquake-Palmar", "damage:event:wikidata": "Q140984463", "damage:type": "earthquake", "destroyed:building": "yes", "osm_type": "way", "osm_id": 1554864536}}, {"type": "Feature", "geometry": {"type": "Point", "coordinates": [-76.4324312, 3.9805668]}, "properties": {"building": "yes", "damage:date": "2026-08-10", "damage:event": "2026ColombiaEarthquake-Palmar", "damage:event:wikidata": "Q140984463", "damage:type": "earthquake", "osm_type": "way", "osm_id": 1554864592}}, {"type": "Feature", "geometry": {"type": "Point", "coordinates": [-76.1211204, 4.7267323]}, "properties": {"damage:date": "2026-08-10", "damage:event": "2026ColombiaEarthquake-Palmar", "damage:event:wikidata": "Q140984463", "damage:type": "earthquake", "destroyed:building": "yes", "osm_type": "way", "osm_id": 1555101234}}, {"type": "Feature", "geometry": {"type": "Point", "coordinates": [-76.4757596, 3.9330651]}, "properties": {"building": "yes", "damage:date": "2026-08-10", "damage:event": "2026ColombiaEarthquake-Palmar", "damage:event:wikidata": "Q140984463", "damage:type": "earthquake", "osm_type": "way", "osm_id": 1555136568}}, {"type": "Feature", "geometry": {"type": "Point", "coordinates": [-76.4757847, 3.9335917]}, "properties": {"building": "yes", "damage:date": "2026-08-10", "damage:event": "2026ColombiaEarthquake-Palmar", "damage:event:wikidata": "Q140984463", "damage:type": "earthquake", "osm_type": "way", "osm_id": 1555136569}}, {"type": "Feature", "geometry": {"type": "Point", "coordinates": [-76.4788736, 3.9397639]}, "properties": {"building": "yes", "damage:date": "2026-08-10", "damage:event": "2026ColombiaEarthquake-Palmar", "damage:event:wikidata": "Q140984463", "damage:type": "earthquake", "osm_type": "way", "osm_id": 1555157692}}, {"type": "Feature", "geometry": {"type": "Point", "coordinates": [-76.0734044, 4.6077568]}, "properties": {"building": "yes", "damage:date": "2026-08-10", "damage:event": "2026ColombiaEarthquake-Palmar", "damage:event:wikidata": "Q140984463", "damage:type": "earthquake", "earthquake:damage": "severe", "source": "microsoft/BuildingFootprints", "osm_type": "way", "osm_id": 1555167004}}, {"type": "Feature", "geometry": {"type": "Point", "coordinates": [-76.0735954, 4.6077827]}, "properties": {"building": "yes", "damage:date": "2026-08-10", "damage:event": "2026ColombiaEarthquake-Palmar", "damage:event:wikidata": "Q140984463", "damage:type": "earthquake", "earthquake:damage": "moderate", "source": "microsoft/BuildingFootprints", "osm_type": "way", "osm_id": 1555167039}}, {"type": "Feature", "geometry": {"type": "Point", "coordinates": [-76.074319, 4.6074196]}, "properties": {"building": "yes", "damage:date": "2026-08-10", "damage:event": "2026ColombiaEarthquake-Palmar", "damage:event:wikidata": "Q140984463", "damage:type": "earthquake", "earthquake:damage": "moderate", "source": "microsoft/BuildingFootprints", "osm_type": "way", "osm_id": 1555167044}}, {"type": "Feature", "geometry": {"type": "Point", "coordinates": [-76.4362931, 3.9721433]}, "properties": {"building": "yes", "damage:date": "2026-08-10", "damage:event": "2026ColombiaEarthquake-Palmar", "damage:event:wikidata": "Q140984463", "damage:type": "earthquake", "destroyed:building": "yes", "earthquake:damage": "collapsed_building", "osm_type": "way", "osm_id": 1555170784}}, {"type": "Feature", "geometry": {"type": "Point", "coordinates": [-76.437147, 3.9728287]}, "properties": {"building": "yes", "damage:date": "2026-08-10", "damage:event": "2026ColombiaEarthquake-Palmar", "damage:event:wikidata": "Q140984463", "damage:type": "earthquake", "destroyed:building": "yes", "earthquake:damage": "collapsed_building", "osm_type": "way", "osm_id": 1555170785}}, {"type": "Feature", "geometry": {"type": "Point", "coordinates": [-76.4374813, 3.9712737]}, "properties": {"damage:date": "2026-08-10", "damage:event": "2026ColombiaEarthquake-Palmar", "damage:event:wikidata": "Q140984463", "damage:type": "earthquake", "destroyed:building": "yes", "earthquake:damage": "collapsed_building", "osm_type": "way", "osm_id": 1555171580}}, {"type": "Feature", "geometry": {"type": "Point", "coordinates": [-76.0745791, 4.6095343]}, "properties": {"building": "yes", "damage:date": "2026-08-10", "damage:event": "2026ColombiaEarthquake-Palmar", "damage:event:wikidata": "Q140984463", "damage:type": "earthquake", "earthquake:damage": "moderate", "source": "microsoft/BuildingFootprints", "osm_type": "way", "osm_id": 1555172464}}, {"type": "Feature", "geometry": {"type": "Point", "coordinates": [-76.0754085, 4.6071018]}, "properties": {"building": "yes", "damage:date": "2026-08-10", "damage:event": "2026ColombiaEarthquake-Palmar", "damage:event:wikidata": "Q140984463", "damage:type": "earthquake", "earthquake:damage": "moderate", "source": "microsoft/BuildingFootprints", "osm_type": "way", "osm_id": 1555172488}}, {"type": "Feature", "geometry": {"type": "Point", "coordinates": [-76.0763682, 4.6073193]}, "properties": {"building": "yes", "damage:date": "2026-08-10", "damage:event": "2026ColombiaEarthquake-Palmar", "damage:event:wikidata": "Q140984463", "damage:type": "earthquake", "earthquake:damage": "moderate", "source": "microsoft/BuildingFootprints", "osm_type": "way", "osm_id": 1555172493}}, {"type": "Feature", "geometry": {"type": "Point", "coordinates": [-76.0777897, 4.6075256]}, "properties": {"building": "yes", "damage:date": "2026-08-10", "damage:event": "2026ColombiaEarthquake-Palmar", "damage:event:wikidata": "Q140984463", "damage:type": "earthquake", "earthquake:damage": "severe", "osm_type": "way", "osm_id": 1555172504}}, {"type": "Feature", "geometry": {"type": "Point", "coordinates": [-76.0778437, 4.6073485]}, "properties": {"building": "yes", "damage:date": "2026-08-10", "damage:event": "2026ColombiaEarthquake-Palmar", "damage:event:wikidata": "Q140984463", "damage:type": "earthquake", "earthquake:damage": "moderate", "source": "microsoft/BuildingFootprints", "osm_type": "way", "osm_id": 1555172508}}, {"type": "Feature", "geometry": {"type": "Point", "coordinates": [-76.4290262, 3.9813902]}, "properties": {"building": "yes", "damage:date": "2026-08-10", "damage:event": "2026ColombiaEarthquake-Palmar", "damage:event:wikidata": "Q140984463", "damage:type": "earthquake", "osm_type": "way", "osm_id": 1555172909}}, {"type": "Feature", "geometry": {"type": "Point", "coordinates": [-76.428894, 3.9829221]}, "properties": {"damage:date": "2026-08-10", "damage:event": "2026ColombiaEarthquake-Palmar", "damage:event:wikidata": "Q140984463", "damage:type": "earthquake", "destroyed:building": "yes", "osm_type": "way", "osm_id": 1555176093}}, {"type": "Feature", "geometry": {"type": "Point", "coordinates": [-76.4289618, 3.9828615]}, "properties": {"building": "yes", "damage:date": "2026-08-10", "damage:event": "2026ColombiaEarthquake-Palmar", "damage:event:wikidata": "Q140984463", "damage:type": "earthquake", "osm_type": "way", "osm_id": 1555176806}}, {"type": "Feature", "geometry": {"type": "Point", "coordinates": [-76.4893346, 3.9300266]}, "properties": {"building": "yes", "damage:date": "2026-08-10", "damage:event": "2026ColombiaEarthquake-Palmar", "damage:event:wikidata": "Q140984463", "damage:type": "earthquake", "osm_type": "way", "osm_id": 1555179467}}, {"type": "Feature", "geometry": {"type": "Point", "coordinates": [-76.4283094, 3.9832818]}, "properties": {"building": "yes", "damage:date": "2026-08-10", "damage:event": "2026ColombiaEarthquake-Palmar", "damage:event:wikidata": "Q140984463", "damage:type": "earthquake", "osm_type": "way", "osm_id": 1555179530}}, {"type": "Feature", "geometry": {"type": "Point", "coordinates": [-76.4282116, 3.9832625]}, "properties": {"damage:date": "2026-08-10", "damage:event": "2026ColombiaEarthquake-Palmar", "damage:event:wikidata": "Q140984463", "damage:type": "earthquake", "destroyed:building": "yes", "osm_type": "way", "osm_id": 1555179532}}, {"type": "Feature", "geometry": {"type": "Point", "coordinates": [-76.4948761, 3.9246185]}, "properties": {"building": "destroyed:building=yes", "damage:date": "2026-08-10", "damage:event": "2026ColombiaEarthquake-Palmar", "damage:event:wikidata": "Q140984463", "damage:type": "earthquake", "osm_type": "way", "osm_id": 1555186480}}, {"type": "Feature", "geometry": {"type": "Point", "coordinates": [-76.4277435, 3.9842728]}, "properties": {"building": "yes", "damage:date": "2026-08-10", "damage:event": "2026ColombiaEarthquake-Palmar", "damage:event:wikidata": "Q140984463", "damage:type": "earthquake", "osm_type": "way", "osm_id": 1555188974}}, {"type": "Feature", "geometry": {"type": "Point", "coordinates": [-76.0777143, 4.6072889]}, "properties": {"building": "yes", "damage:date": "2026-08-10", "damage:event": "2026ColombiaEarthquake-Palmar", "damage:event:wikidata": "Q140984463", "damage:type": "earthquake", "earthquake:damage": "moderate", "source": "microsoft/BuildingFootprints", "osm_type": "way", "osm_id": 1555189324}}, {"type": "Feature", "geometry": {"type": "Point", "coordinates": [-76.0786282, 4.6081513]}, "properties": {"building": "yes", "damage:date": "2026-08-10", "damage:event": "2026ColombiaEarthquake-Palmar", "damage:event:wikidata": "Q140984463", "damage:type": "earthquake", "earthquake:damage": "moderate", "source": "microsoft/BuildingFootprints", "osm_type": "way", "osm_id": 1555189327}}, {"type": "Feature", "geometry": {"type": "Point", "coordinates": [-76.0779506, 4.6081856]}, "properties": {"building": "yes", "damage:date": "2026-08-10", "damage:event": "2026ColombiaEarthquake-Palmar", "damage:event:wikidata": "Q140984463", "damage:type": "earthquake", "earthquake:damage": "moderate", "source": "microsoft/BuildingFootprints", "osm_type": "way", "osm_id": 1555189328}}, {"type": "Feature", "geometry": {"type": "Point", "coordinates": [-76.077939, 4.6080722]}, "properties": {"building": "yes", "damage:date": "2026-08-10", "damage:event": "2026ColombiaEarthquake-Palmar", "damage:event:wikidata": "Q140984463", "damage:type": "earthquake", "earthquake:damage": "moderate", "source": "microsoft/BuildingFootprints", "osm_type": "way", "osm_id": 1555189329}}, {"type": "Feature", "geometry": {"type": "Point", "coordinates": [-76.4292443, 3.9813343]}, "properties": {"building": "yes", "damage:date": "2026-08-10", "damage:event": "2026ColombiaEarthquake-Palmar", "damage:event:wikidata": "Q140984463", "damage:type": "earthquake", "osm_type": "way", "osm_id": 1555235264}}, {"type": "Feature", "geometry": {"type": "Point", "coordinates": [-76.4312756, 3.9798167]}, "properties": {"building": "yes", "damage:date": "2026-08-10", "damage:event": "2026ColombiaEarthquake-Palmar", "damage:event:wikidata": "Q140984463", "damage:type": "earthquake", "osm_type": "way", "osm_id": 1555248300}}, {"type": "Feature", "geometry": {"type": "Point", "coordinates": [-76.4852666, 3.9432788]}, "properties": {"building": "yes", "damage:date": "2026-08-10", "damage:event": "2026ColombiaEarthquake-Palmar", "damage:event:wikidata": "Q140984463", "damage:type": "earthquake", "osm_type": "way", "osm_id": 1555323715}}, {"type": "Feature", "geometry": {"type": "Point", "coordinates": [-76.4309507, 3.9799568]}, "properties": {"building": "yes", "damage:date": "2026-08-10", "damage:event": "2026ColombiaEarthquake-Palmar", "damage:event:wikidata": "Q140984463", "damage:type": "earthquake", "osm_type": "way", "osm_id": 1555328061}}, {"type": "Feature", "geometry": {"type": "Point", "coordinates": [-76.4837016, 3.9431924]}, "properties": {"building": "yes", "damage:date": "2026-08-10", "damage:event": "2026ColombiaEarthquake-Palmar", "damage:event:wikidata": "Q140984463", "damage:type": "earthquake", "osm_type": "way", "osm_id": 1555328590}}, {"type": "Feature", "geometry": {"type": "Point", "coordinates": [-76.483668, 3.9431382]}, "properties": {"building": "yes", "damage:date": "2026-08-10", "damage:event": "2026ColombiaEarthquake-Palmar", "damage:event:wikidata": "Q140984463", "damage:type": "earthquake", "osm_type": "way", "osm_id": 1555328591}}, {"type": "Feature", "geometry": {"type": "Point", "coordinates": [-76.4831515, 3.9431847]}, "properties": {"building": "yes", "damage:date": "2026-08-10", "damage:event": "2026ColombiaEarthquake-Palmar", "damage:event:wikidata": "Q140984463", "damage:type": "earthquake", "layer": "1", "osm_type": "way", "osm_id": 1555328611}}, {"type": "Feature", "geometry": {"type": "Point", "coordinates": [-76.4864815, 3.9327275]}, "properties": {"building": "yes", "damage:date": "2026-08-10", "damage:event": "2026ColombiaEarthquake-Palmar", "damage:event:wikidata": "Q140984463", "damage:type": "earthquake", "osm_type": "way", "osm_id": 1555331993}}, {"type": "Feature", "geometry": {"type": "Point", "coordinates": [-76.4829125, 3.9417963]}, "properties": {"building": "yes", "damage:date": "2026-08-10", "damage:event": "2026ColombiaEarthquake-Palmar", "damage:event:wikidata": "Q140984463", "damage:type": "earthquake", "earthquake:damage": "moderate", "osm_type": "way", "osm_id": 1555338605}}, {"type": "Feature", "geometry": {"type": "Point", "coordinates": [-76.3770089, 3.9010025]}, "properties": {"damage:date": "2026-08-10", "damage:event": "2026ColombiaEarthquake-Palmar", "damage:event:wikidata": "Q140984463", "damage:type": "earthquake", "destroyed:building": "yes", "osm_type": "way", "osm_id": 1555341469}}, {"type": "Feature", "geometry": {"type": "Point", "coordinates": [-76.3771781, 3.9010461]}, "properties": {"building": "yes", "damage:date": "2026-08-10", "damage:event": "2026ColombiaEarthquake-Palmar", "damage:event:wikidata": "Q140984463", "damage:type": "earthquake", "destroyed:building": "yes", "osm_type": "way", "osm_id": 1555341470}}, {"type": "Feature", "geometry": {"type": "Point", "coordinates": [-76.3770778, 3.901019]}, "properties": {"building": "yes", "damage:date": "2026-08-10", "damage:event": "2026ColombiaEarthquake-Palmar", "damage:event:wikidata": "Q140984463", "damage:type": "earthquake", "destroyed:building": "yes", "osm_type": "way", "osm_id": 1555341471}}, {"type": "Feature", "geometry": {"type": "Point", "coordinates": [-76.4283526, 3.9688544]}, "properties": {"damage:date": "2026-08-10", "damage:event": "2026ColombiaEarthquake-Palmar", "damage:event:wikidata": "Q140984463", "damage:type": "earthquake", "destroyed:building": "yes", "osm_type": "way", "osm_id": 1555351723}}, {"type": "Feature", "geometry": {"type": "Point", "coordinates": [-76.4291781, 3.9681617]}, "properties": {"building": "yes", "damage:date": "2026-08-10", "damage:event": "2026ColombiaEarthquake-Palmar", "damage:event:wikidata": "Q140984463", "damage:type": "earthquake", "osm_type": "way", "osm_id": 1555351724}}, {"type": "Feature", "geometry": {"type": "Point", "coordinates": [-76.4273046, 3.9675723]}, "properties": {"building": "yes", "damage:date": "2026-08-10", "damage:event": "2026ColombiaEarthquake-Palmar", "damage:event:wikidata": "Q140984463", "damage:type": "earthquake", "osm_type": "way", "osm_id": 1555351725}}, {"type": "Feature", "geometry": {"type": "Point", "coordinates": [-76.428341, 3.967197]}, "properties": {"damage:date": "2026-08-10", "damage:event": "2026ColombiaEarthquake-Palmar", "damage:event:wikidata": "Q140984463", "damage:type": "earthquake", "destroyed:building": "yes", "osm_type": "way", "osm_id": 1555351726}}, {"type": "Feature", "geometry": {"type": "Point", "coordinates": [-76.4224809, 3.9664789]}, "properties": {"building": "yes", "damage:date": "2026-08-10", "damage:event": "2026ColombiaEarthquake-Palmar", "damage:event:wikidata": "Q140984463", "damage:type": "earthquake", "osm_type": "way", "osm_id": 1555351986}}, {"type": "Feature", "geometry": {"type": "Point", "coordinates": [-76.4882382, 3.942808]}, "properties": {"building": "yes", "damage:date": "2026-08-10", "damage:event": "2026ColombiaEarthquake-Palmar", "damage:event:wikidata": "Q140984463", "damage:type": "earthquake", "osm_type": "way", "osm_id": 1555362829}}, {"type": "Feature", "geometry": {"type": "Point", "coordinates": [-76.4315402, 3.966589]}, "properties": {"building": "yes", "damage:date": "2026-08-10", "damage:event": "2026ColombiaEarthquake-Palmar", "damage:event:wikidata": "Q140984463", "damage:type": "earthquake", "osm_type": "way", "osm_id": 1555364072}}, {"type": "Feature", "geometry": {"type": "Point", "coordinates": [-76.4313559, 3.9663135]}, "properties": {"damage:date": "2026-08-10", "damage:event": "2026ColombiaEarthquake-Palmar", "damage:event:wikidata": "Q140984463", "damage:type": "earthquake", "destroyed:building": "yes", "osm_type": "way", "osm_id": 1555364074}}, {"type": "Feature", "geometry": {"type": "Point", "coordinates": [-76.4308109, 3.967018]}, "properties": {"building": "house", "damage:date": "2026-08-10", "damage:event": "2026ColombiaEarthquake-Palmar", "damage:event:wikidata": "Q140984463", "damage:type": "earthquake", "osm_type": "way", "osm_id": 1555364085}}, {"type": "Feature", "geometry": {"type": "Point", "coordinates": [-76.4304934, 3.9663002]}, "properties": {"building": "yes", "damage:date": "2026-08-10", "damage:event": "2026ColombiaEarthquake-Palmar", "damage:event:wikidata": "Q140984463", "damage:type": "earthquake", "destroyed:building": "yes", "osm_type": "way", "osm_id": 1555365337}}, {"type": "Feature", "geometry": {"type": "Point", "coordinates": [-76.4304181, 3.966369]}, "properties": {"building": "house", "damage:date": "2026-08-10", "damage:event": "2026ColombiaEarthquake-Palmar", "damage:event:wikidata": "Q140984463", "damage:type": "earthquake", "osm_type": "way", "osm_id": 1555365338}}, {"type": "Feature", "geometry": {"type": "Point", "coordinates": [-76.4304822, 3.9670205]}, "properties": {"building": "house", "damage:date": "2026-08-10", "damage:event": "2026ColombiaEarthquake-Palmar", "damage:event:wikidata": "Q140984463", "damage:type": "earthquake", "osm_type": "way", "osm_id": 1555365343}}, {"type": "Feature", "geometry": {"type": "Point", "coordinates": [-76.4302072, 3.9661969]}, "properties": {"building": "house", "damage:date": "2026-08-10", "damage:event": "2026ColombiaEarthquake-Palmar", "damage:event:wikidata": "Q140984463", "damage:type": "earthquake", "osm_type": "way", "osm_id": 1555365347}}, {"type": "Feature", "geometry": {"type": "Point", "coordinates": [-76.4301386, 3.9660961]}, "properties": {"building": "house", "damage:date": "2026-08-10", "damage:event": "2026ColombiaEarthquake-Palmar", "damage:event:wikidata": "Q140984463", "damage:type": "earthquake", "osm_type": "way", "osm_id": 1555365348}}, {"type": "Feature", "geometry": {"type": "Point", "coordinates": [-76.4302865, 3.9657488]}, "properties": {"building": "house", "damage:date": "2026-08-10", "damage:event": "2026ColombiaEarthquake-Palmar", "damage:event:wikidata": "Q140984463", "damage:type": "earthquake", "destroyed:building": "yes", "osm_type": "way", "osm_id": 1555365349}}, {"type": "Feature", "geometry": {"type": "Point", "coordinates": [-76.429088, 3.9660806]}, "properties": {"building": "house", "damage:date": "2026-08-10", "damage:event": "2026ColombiaEarthquake-Palmar", "damage:event:wikidata": "Q140984463", "damage:type": "earthquake", "destroyed:building": "yes", "osm_type": "way", "osm_id": 1555365352}}, {"type": "Feature", "geometry": {"type": "Point", "coordinates": [-76.4295681, 3.9678704]}, "properties": {"building": "house", "damage:date": "2026-08-10", "damage:event": "2026ColombiaEarthquake-Palmar", "damage:event:wikidata": "Q140984463", "damage:type": "earthquake", "destroyed:building": "yes", "osm_type": "way", "osm_id": 1555365353}}, {"type": "Feature", "geometry": {"type": "Point", "coordinates": [-76.4291798, 3.9680554]}, "properties": {"building": "yes", "damage:date": "2026-08-10", "damage:event": "2026ColombiaEarthquake-Palmar", "damage:event:wikidata": "Q140984463", "damage:type": "earthquake", "destroyed:building": "yes", "osm_type": "way", "osm_id": 1555365354}}, {"type": "Feature", "geometry": {"type": "Point", "coordinates": [-76.4303492, 3.9675721]}, "properties": {"building": "house", "damage:date": "2026-08-10", "damage:event": "2026ColombiaEarthquake-Palmar", "damage:event:wikidata": "Q140984463", "damage:type": "earthquake", "osm_type": "way", "osm_id": 1555366696}}, {"type": "Feature", "geometry": {"type": "Point", "coordinates": [-76.4276152, 3.9661313]}, "properties": {"building": "yes", "damage:date": "2026-08-10", "damage:event": "2026ColombiaEarthquake-Palmar", "damage:event:wikidata": "Q140984463", "damage:type": "earthquake", "destroyed:building": "yes", "osm_type": "way", "osm_id": 1555499753}}, {"type": "Feature", "geometry": {"type": "Point", "coordinates": [-76.4286164, 3.9702236]}, "properties": {"building": "yes", "damage:date": "2026-08-10", "damage:event": "2026ColombiaEarthquake-Palmar", "damage:event:wikidata": "Q140984463", "damage:type": "earthquake", "osm_type": "way", "osm_id": 1555500153}}, {"type": "Feature", "geometry": {"type": "Point", "coordinates": [-76.4854, 3.933545]}, "properties": {"building": "yes", "damage:date": "2026-08-10", "damage:event": "2026ColombiaEarthquake-Palmar", "damage:event:wikidata": "Q140984463", "damage:type": "earthquake", "osm_type": "way", "osm_id": 1555868258}}, {"type": "Feature", "geometry": {"type": "Point", "coordinates": [-76.484695, 3.9340073]}, "properties": {"building": "yes", "damage:date": "2026-08-10", "damage:event": "2026ColombiaEarthquake-Palmar", "damage:event:wikidata": "Q140984463", "damage:type": "earthquake", "osm_type": "way", "osm_id": 1555868261}}, {"type": "Feature", "geometry": {"type": "Point", "coordinates": [-76.4851398, 3.9334529]}, "properties": {"building": "yes", "damage:date": "2026-08-10", "damage:event": "2026ColombiaEarthquake-Palmar", "damage:event:wikidata": "Q140984463", "damage:type": "earthquake", "osm_type": "way", "osm_id": 1555871071}}, {"type": "Feature", "geometry": {"type": "Point", "coordinates": [-76.4850709, 3.9332203]}, "properties": {"building": "yes", "damage:date": "2026-08-10", "damage:event": "2026ColombiaEarthquake-Palmar", "damage:event:wikidata": "Q140984463", "damage:type": "earthquake", "osm_type": "way", "osm_id": 1555871078}}, {"type": "Feature", "geometry": {"type": "Point", "coordinates": [-76.4853594, 3.9332044]}, "properties": {"building": "yes", "damage:date": "2026-08-10", "damage:event": "2026ColombiaEarthquake-Palmar", "damage:event:wikidata": "Q140984463", "damage:type": "earthquake", "osm_type": "way", "osm_id": 1555871443}}, {"type": "Feature", "geometry": {"type": "Point", "coordinates": [-76.4854421, 3.9331745]}, "properties": {"building": "yes", "damage:date": "2026-08-10", "damage:event": "2026ColombiaEarthquake-Palmar", "damage:event:wikidata": "Q140984463", "damage:type": "earthquake", "osm_type": "way", "osm_id": 1555871445}}, {"type": "Feature", "geometry": {"type": "Point", "coordinates": [-76.4854291, 3.9330252]}, "properties": {"building": "yes", "damage:date": "2026-08-10", "damage:event": "2026ColombiaEarthquake-Palmar", "damage:event:wikidata": "Q140984463", "damage:type": "earthquake", "osm_type": "way", "osm_id": 1555871446}}, {"type": "Feature", "geometry": {"type": "Point", "coordinates": [-76.4828878, 3.9313725]}, "properties": {"damage:date": "2026-08-10", "damage:event": "2026ColombiaEarthquake-Palmar", "damage:event:wikidata": "Q140984463", "damage:type": "earthquake", "destroyed:building": "yes", "osm_type": "way", "osm_id": 1556401428}}, {"type": "Feature", "geometry": {"type": "Point", "coordinates": [-76.4833028, 3.9322326]}, "properties": {"building": "semidetached_house", "damage:date": "2026-08-10", "damage:event": "2026ColombiaEarthquake-Palmar", "damage:event:wikidata": "Q140984463", "damage:type": "earthquake", "osm_type": "way", "osm_id": 1556404879}}, {"type": "Feature", "geometry": {"type": "Point", "coordinates": [-76.4908884, 3.932694]}, "properties": {"damage:date": "2026-08-10", "damage:event": "2026ColombiaEarthquake-Palmar", "damage:event:wikidata": "Q140984463", "damage:type": "earthquake", "osm_type": "way", "osm_id": 1556413394}}, {"type": "Feature", "geometry": {"type": "Point", "coordinates": [-76.0760027, 4.6079766]}, "properties": {"building": "yes", "damage:date": "2026-08-10", "damage:event": "2026ColombiaEarthquake-Palmar", "damage:event:wikidata": "Q140984463", "damage:type": "earthquake", "earthquake:damage": "severe", "osm_type": "way", "osm_id": 1556420814}}, {"type": "Feature", "geometry": {"type": "Point", "coordinates": [-76.0721163, 4.6074234]}, "properties": {"amenity": "school", "damage:date": "2026-08-10", "damage:event": "2026ColombiaEarthquake-Palmar", "damage:event:wikidata": "Q140984463", "damage:type": "earthquake", "earthquake:damage": "moderate", "education": "school", "name": "INSTITUCIÓN EDUCATIVA TÉCNICA AGROPECUARIA DE TORO", "osm_type": "way", "osm_id": 1556420829}}, {"type": "Feature", "geometry": {"type": "Point", "coordinates": [-76.4805873, 3.9306592]}, "properties": {"building": "yes", "damage:date": "2026-08-10", "damage:event": "2026ColombiaEarthquake-Palmar", "damage:event:wikidata": "Q140984463", "damage:type": "earthquake", "osm_type": "way", "osm_id": 1556421523}}, {"type": "Feature", "geometry": {"type": "Point", "coordinates": [-76.4799706, 3.9307951]}, "properties": {"damage:date": "2026-08-10", "damage:event": "2026ColombiaEarthquake-Palmar", "damage:event:wikidata": "Q140984463", "damage:type": "earthquake", "destroyed:building": "yes", "osm_type": "way", "osm_id": 1556422765}}, {"type": "Feature", "geometry": {"type": "Point", "coordinates": [-76.4800061, 3.930835]}, "properties": {"building": "yes", "damage:date": "2026-08-10", "damage:event": "2026ColombiaEarthquake-Palmar", "damage:event:wikidata": "Q140984463", "damage:type": "earthquake", "osm_type": "way", "osm_id": 1556422767}}, {"type": "Feature", "geometry": {"type": "Point", "coordinates": [-76.4831846, 3.9431463]}, "properties": {"building": "yes", "damage:date": "2026-08-10", "damage:event": "2026ColombiaEarthquake-Palmar", "damage:event:wikidata": "Q140984463", "damage:type": "earthquake", "osm_type": "way", "osm_id": 1556427683}}, {"type": "Feature", "geometry": {"type": "Point", "coordinates": [-76.4838327, 3.9433623]}, "properties": {"building": "yes", "damage:date": "2026-08-10", "damage:event": "2026ColombiaEarthquake-Palmar", "damage:event:wikidata": "Q140984463", "damage:type": "earthquake", "osm_type": "way", "osm_id": 1556427686}}, {"type": "Feature", "geometry": {"type": "Point", "coordinates": [-76.4844322, 3.9438706]}, "properties": {"building": "yes", "damage:date": "2026-08-10", "damage:event": "2026ColombiaEarthquake-Palmar", "damage:event:wikidata": "Q140984463", "damage:type": "earthquake", "osm_type": "way", "osm_id": 1556433488}}, {"type": "Feature", "geometry": {"type": "Point", "coordinates": [-76.0769964, 4.6072179]}, "properties": {"building": "yes", "damage:date": "2026-08-10", "damage:event": "2026ColombiaEarthquake-Palmar", "damage:event:wikidata": "Q140984463", "damage:type": "earthquake", "earthquake:damage": "severe", "source": "microsoft/BuildingFootprints", "osm_type": "way", "osm_id": 1556434237}}, {"type": "Feature", "geometry": {"type": "Point", "coordinates": [-76.0773602, 4.6072817]}, "properties": {"building": "yes", "damage:date": "2026-08-10", "damage:event": "2026ColombiaEarthquake-Palmar", "damage:event:wikidata": "Q140984463", "damage:type": "earthquake", "earthquake:damage": "moderate", "osm_type": "way", "osm_id": 1556434238}}, {"type": "Feature", "geometry": {"type": "Point", "coordinates": [-76.0772785, 4.6072694]}, "properties": {"building": "yes", "damage:date": "2026-08-10", "damage:event": "2026ColombiaEarthquake-Palmar", "damage:event:wikidata": "Q140984463", "damage:type": "earthquake", "earthquake:damage": "moderate", "osm_type": "way", "osm_id": 1556434239}}, {"type": "Feature", "geometry": {"type": "Point", "coordinates": [-76.0771722, 4.6072295]}, "properties": {"building": "yes", "damage:date": "2026-08-10", "damage:event": "2026ColombiaEarthquake-Palmar", "damage:event:wikidata": "Q140984463", "damage:type": "earthquake", "earthquake:damage": "moderate", "osm_type": "way", "osm_id": 1556434240}}, {"type": "Feature", "geometry": {"type": "Point", "coordinates": [-76.0777784, 4.6076464]}, "properties": {"building": "yes", "damage:date": "2026-08-10", "damage:event": "2026ColombiaEarthquake-Palmar", "damage:event:wikidata": "Q140984463", "damage:type": "earthquake", "earthquake:damage": "moderate", "osm_type": "way", "osm_id": 1556434241}}, {"type": "Feature", "geometry": {"type": "Point", "coordinates": [-76.0779719, 4.6079658]}, "properties": {"building": "yes", "damage:date": "2026-08-10", "damage:event": "2026ColombiaEarthquake-Palmar", "damage:event:wikidata": "Q140984463", "damage:type": "earthquake", "earthquake:damage": "moderate", "osm_type": "way", "osm_id": 1556434242}}, {"type": "Feature", "geometry": {"type": "Point", "coordinates": [-76.077761, 4.6077983]}, "properties": {"building": "yes", "damage:date": "2026-08-10", "damage:event": "2026ColombiaEarthquake-Palmar", "damage:event:wikidata": "Q140984463", "damage:type": "earthquake", "earthquake:damage": "moderate", "osm_type": "way", "osm_id": 1556434243}}, {"type": "Feature", "geometry": {"type": "Point", "coordinates": [-76.078524, 4.608178]}, "properties": {"building": "yes", "damage:date": "2026-08-10", "damage:event": "2026ColombiaEarthquake-Palmar", "damage:event:wikidata": "Q140984463", "damage:type": "earthquake", "earthquake:damage": "moderate", "osm_type": "way", "osm_id": 1556434247}}, {"type": "Feature", "geometry": {"type": "Point", "coordinates": [-76.4843219, 3.9310446]}, "properties": {"building": "yes", "damage:date": "2026-08-10", "damage:event": "2026ColombiaEarthquake-Palmar", "damage:event:wikidata": "Q140984463", "damage:type": "earthquake", "osm_type": "way", "osm_id": 1556444248}}, {"type": "Feature", "geometry": {"type": "Point", "coordinates": [-76.4846041, 3.9309548]}, "properties": {"damage:date": "2026-08-10", "damage:event": "2026ColombiaEarthquake-Palmar", "damage:event:wikidata": "Q140984463", "damage:type": "earthquake", "destroyed:building": "yes", "osm_type": "way", "osm_id": 1556444254}}, {"type": "Feature", "geometry": {"type": "Point", "coordinates": [-76.4841085, 3.9308231]}, "properties": {"damage:date": "2026-08-10", "damage:event": "2026ColombiaEarthquake-Palmar", "damage:event:wikidata": "wikidata=Q140984463", "damage:type": "earthquake", "destroyed:building": "yes", "osm_type": "way", "osm_id": 1556444259}}, {"type": "Feature", "geometry": {"type": "Point", "coordinates": [-76.4823109, 3.9276743]}, "properties": {"building": "yes", "damage:date": "2026-08-10", "damage:event": "2026ColombiaEarthquake-Palmar", "damage:event:wikidata": "Q140984463", "damage:type": "earthquake", "osm_type": "way", "osm_id": 1556445384}}, {"type": "Feature", "geometry": {"type": "Point", "coordinates": [-76.4858564, 3.9338363]}, "properties": {"building": "yes", "damage:date": "2026-08-10", "damage:event": "2026ColombiaEarthquake-Palmar", "damage:event:wikidata": "Q140984463", "damage:type": "earthquake", "osm_type": "way", "osm_id": 1556451669}}, {"type": "Feature", "geometry": {"type": "Point", "coordinates": [-76.4858459, 3.9337304]}, "properties": {"building": "yes", "damage:date": "2026-08-10", "damage:event": "2026ColombiaEarthquake-Palmar", "damage:event:wikidata": "Q140984463", "damage:type": "earthquake", "osm_type": "way", "osm_id": 1556451676}}, {"type": "Feature", "geometry": {"type": "Point", "coordinates": [-76.48615, 3.9333867]}, "properties": {"building": "yes", "damage:date": "2026-08-10", "damage:event": "2026ColombiaEarthquake-Palmar", "damage:event:wikidata": "Q140984463", "damage:type": "earthquake", "osm_type": "way", "osm_id": 1556451677}}, {"type": "Feature", "geometry": {"type": "Point", "coordinates": [-76.4860665, 3.933349]}, "properties": {"building": "yes", "damage:date": "2026-08-10", "damage:event": "2026ColombiaEarthquake-Palmar", "damage:event:wikidata": "Q140984463", "damage:type": "earthquake", "osm_type": "way", "osm_id": 1556451678}}, {"type": "Feature", "geometry": {"type": "Point", "coordinates": [-76.4860318, 3.9335391]}, "properties": {"building": "yes", "damage:date": "2026-08-10", "damage:event": "2026ColombiaEarthquake-Palmar", "damage:event:wikidata": "Q140984463", "damage:type": "earthquake", "osm_type": "way", "osm_id": 1556451679}}, {"type": "Feature", "geometry": {"type": "Point", "coordinates": [-76.4859862, 3.9335908]}, "properties": {"building": "yes", "damage:date": "2026-08-10", "damage:event": "2026ColombiaEarthquake-Palmar", "damage:event:wikidata": "Q140984463", "damage:type": "earthquake", "osm_type": "way", "osm_id": 1556451681}}, {"type": "Feature", "geometry": {"type": "Point", "coordinates": [-76.4859522, 3.9336793]}, "properties": {"building": "yes", "damage:date": "2026-08-10", "damage:event": "2026ColombiaEarthquake-Palmar", "damage:event:wikidata": "Q140984463", "damage:type": "earthquake", "osm_type": "way", "osm_id": 1556451682}}, {"type": "Feature", "geometry": {"type": "Point", "coordinates": [-76.485752, 3.9337588]}, "properties": {"building": "yes", "damage:date": "2026-08-10", "damage:event": "2026ColombiaEarthquake-Palmar", "damage:event:wikidata": "Q140984463", "damage:type": "earthquake", "osm_type": "way", "osm_id": 1556451683}}, {"type": "Feature", "geometry": {"type": "Point", "coordinates": [-76.4856912, 3.9337037]}, "properties": {"building": "yes", "damage:date": "2026-08-10", "damage:event": "2026ColombiaEarthquake-Palmar", "damage:event:wikidata": "Q140984463", "damage:type": "earthquake", "osm_type": "way", "osm_id": 1556451684}}, {"type": "Feature", "geometry": {"type": "Point", "coordinates": [-76.485575, 3.9336647]}, "properties": {"building": "yes", "damage:date": "2026-08-10", "damage:event": "2026ColombiaEarthquake-Palmar", "damage:event:wikidata": "Q140984463", "damage:type": "earthquake", "osm_type": "way", "osm_id": 1556451685}}, {"type": "Feature", "geometry": {"type": "Point", "coordinates": [-76.4856252, 3.9337159]}, "properties": {"building": "yes", "damage:date": "2026-08-10", "damage:event": "2026ColombiaEarthquake-Palmar", "damage:event:wikidata": "Q140984463", "damage:type": "earthquake", "osm_type": "way", "osm_id": 1556451686}}, {"type": "Feature", "geometry": {"type": "Point", "coordinates": [-76.4854836, 3.9336727]}, "properties": {"building": "yes", "damage:date": "2026-08-10", "damage:event": "2026ColombiaEarthquake-Palmar", "damage:event:wikidata": "Q140984463", "damage:type": "earthquake", "osm_type": "way", "osm_id": 1556451687}}, {"type": "Feature", "geometry": {"type": "Point", "coordinates": [-76.4854882, 3.9335002]}, "properties": {"building": "yes", "damage:date": "2026-08-10", "damage:event": "2026ColombiaEarthquake-Palmar", "damage:event:wikidata": "Q140984463", "damage:type": "earthquake", "osm_type": "way", "osm_id": 1556451688}}, {"type": "Feature", "geometry": {"type": "Point", "coordinates": [-76.4854628, 3.9335602]}, "properties": {"building": "yes", "damage:date": "2026-08-10", "damage:event": "2026ColombiaEarthquake-Palmar", "damage:event:wikidata": "Q140984463", "damage:type": "earthquake", "osm_type": "way", "osm_id": 1556451689}}, {"type": "Feature", "geometry": {"type": "Point", "coordinates": [-76.4854459, 3.9335939]}, "properties": {"building": "yes", "damage:date": "2026-08-10", "damage:event": "2026ColombiaEarthquake-Palmar", "damage:event:wikidata": "Q140984463", "damage:type": "earthquake", "osm_type": "way", "osm_id": 1556451690}}, {"type": "Feature", "geometry": {"type": "Point", "coordinates": [-76.4855553, 3.9333038]}, "properties": {"building": "yes", "damage:date": "2026-08-10", "damage:event": "2026ColombiaEarthquake-Palmar", "damage:event:wikidata": "Q140984463", "damage:type": "earthquake", "osm_type": "way", "osm_id": 1556451691}}, {"type": "Feature", "geometry": {"type": "Point", "coordinates": [-76.4855884, 3.9334362]}, "properties": {"building": "yes", "damage:date": "2026-08-10", "damage:event": "2026ColombiaEarthquake-Palmar", "damage:event:wikidata": "Q140984463", "damage:type": "earthquake", "osm_type": "way", "osm_id": 1556451692}}, {"type": "Feature", "geometry": {"type": "Point", "coordinates": [-76.485638, 3.9333473]}, "properties": {"building": "yes", "damage:date": "2026-08-10", "damage:event": "2026ColombiaEarthquake-Palmar", "damage:event:wikidata": "Q140984463", "damage:type": "earthquake", "osm_type": "way", "osm_id": 1556451693}}, {"type": "Feature", "geometry": {"type": "Point", "coordinates": [-76.4854979, 3.933062]}, "properties": {"building": "yes", "damage:date": "2026-08-10", "damage:event": "2026ColombiaEarthquake-Palmar", "damage:event:wikidata": "Q140984463", "damage:type": "earthquake", "osm_type": "way", "osm_id": 1556451694}}, {"type": "Feature", "geometry": {"type": "Point", "coordinates": [-76.485647, 3.9331426]}, "properties": {"building": "yes", "damage:date": "2026-08-10", "damage:event": "2026ColombiaEarthquake-Palmar", "damage:event:wikidata": "Q140984463", "damage:type": "earthquake", "osm_type": "way", "osm_id": 1556451695}}, {"type": "Feature", "geometry": {"type": "Point", "coordinates": [-76.485652, 3.9331757]}, "properties": {"building": "yes", "damage:date": "2026-08-10", "damage:event": "2026ColombiaEarthquake-Palmar", "damage:event:wikidata": "Q140984463", "damage:type": "earthquake", "osm_type": "way", "osm_id": 1556451697}}, {"type": "Feature", "geometry": {"type": "Point", "coordinates": [-76.4857004, 3.9331927]}, "properties": {"building": "yes", "damage:date": "2026-08-10", "damage:event": "2026ColombiaEarthquake-Palmar", "damage:event:wikidata": "Q140984463", "damage:type": "earthquake", "osm_type": "way", "osm_id": 1556451698}}, {"type": "Feature", "geometry": {"type": "Point", "coordinates": [-76.4857439, 3.9332135]}, "properties": {"building": "yes", "damage:date": "2026-08-10", "damage:event": "2026ColombiaEarthquake-Palmar", "damage:event:wikidata": "Q140984463", "damage:type": "earthquake", "osm_type": "way", "osm_id": 1556451699}}, {"type": "Feature", "geometry": {"type": "Point", "coordinates": [-76.4857987, 3.9332433]}, "properties": {"building": "yes", "damage:date": "2026-08-10", "damage:event": "2026ColombiaEarthquake-Palmar", "damage:event:wikidata": "Q140984463", "damage:type": "earthquake", "osm_type": "way", "osm_id": 1556451700}}, {"type": "Feature", "geometry": {"type": "Point", "coordinates": [-76.4859228, 3.9332623]}, "properties": {"building": "yes", "damage:date": "2026-08-10", "damage:event": "2026ColombiaEarthquake-Palmar", "damage:event:wikidata": "Q140984463", "damage:type": "earthquake", "osm_type": "way", "osm_id": 1556451701}}, {"type": "Feature", "geometry": {"type": "Point", "coordinates": [-76.4859905, 3.93333]}, "properties": {"building": "yes", "damage:date": "2026-08-10", "damage:event": "2026ColombiaEarthquake-Palmar", "damage:event:wikidata": "Q140984463", "damage:type": "earthquake", "osm_type": "way", "osm_id": 1556451702}}, {"type": "Feature", "geometry": {"type": "Point", "coordinates": [-76.4859701, 3.9334147]}, "properties": {"building": "yes", "damage:date": "2026-08-10", "damage:event": "2026ColombiaEarthquake-Palmar", "damage:event:wikidata": "Q140984463", "damage:type": "earthquake", "osm_type": "way", "osm_id": 1556451703}}, {"type": "Feature", "geometry": {"type": "Point", "coordinates": [-76.4858726, 3.9334206]}, "properties": {"building": "yes", "damage:date": "2026-08-10", "damage:event": "2026ColombiaEarthquake-Palmar", "damage:event:wikidata": "Q140984463", "damage:type": "earthquake", "osm_type": "way", "osm_id": 1556451704}}, {"type": "Feature", "geometry": {"type": "Point", "coordinates": [-76.4858847, 3.9332987]}, "properties": {"building": "yes", "damage:date": "2026-08-10", "damage:event": "2026ColombiaEarthquake-Palmar", "damage:event:wikidata": "Q140984463", "damage:type": "earthquake", "osm_type": "way", "osm_id": 1556451705}}, {"type": "Feature", "geometry": {"type": "Point", "coordinates": [-76.4856412, 3.9335418]}, "properties": {"building": "yes", "damage:date": "2026-08-10", "damage:event": "2026ColombiaEarthquake-Palmar", "damage:event:wikidata": "Q140984463", "damage:type": "earthquake", "osm_type": "way", "osm_id": 1556451706}}, {"type": "Feature", "geometry": {"type": "Point", "coordinates": [-76.485619, 3.9328321]}, "properties": {"building": "yes", "damage:date": "2026-08-10", "damage:event": "2026ColombiaEarthquake-Palmar", "damage:event:wikidata": "Q140984463", "damage:type": "earthquake", "osm_type": "way", "osm_id": 1556451707}}, {"type": "Feature", "geometry": {"type": "Point", "coordinates": [-76.485583, 3.9329007]}, "properties": {"building": "yes", "damage:date": "2026-08-10", "damage:event": "2026ColombiaEarthquake-Palmar", "damage:event:wikidata": "Q140984463", "damage:type": "earthquake", "osm_type": "way", "osm_id": 1556451708}}, {"type": "Feature", "geometry": {"type": "Point", "coordinates": [-76.4855507, 3.9328139]}, "properties": {"building": "yes", "damage:date": "2026-08-10", "damage:event": "2026ColombiaEarthquake-Palmar", "damage:event:wikidata": "Q140984463", "damage:type": "earthquake", "osm_type": "way", "osm_id": 1556451709}}, {"type": "Feature", "geometry": {"type": "Point", "coordinates": [-76.485496, 3.932809]}, "properties": {"building": "yes", "damage:date": "2026-08-10", "damage:event": "2026ColombiaEarthquake-Palmar", "damage:event:wikidata": "Q140984463", "damage:type": "earthquake", "osm_type": "way", "osm_id": 1556451710}}, {"type": "Feature", "geometry": {"type": "Point", "coordinates": [-76.4854683, 3.9327665]}, "properties": {"building": "yes", "damage:date": "2026-08-10", "damage:event": "2026ColombiaEarthquake-Palmar", "damage:event:wikidata": "Q140984463", "damage:type": "earthquake", "osm_type": "way", "osm_id": 1556451711}}, {"type": "Feature", "geometry": {"type": "Point", "coordinates": [-76.4856354, 3.9327494]}, "properties": {"building": "yes", "damage:date": "2026-08-10", "damage:event": "2026ColombiaEarthquake-Palmar", "damage:event:wikidata": "Q140984463", "damage:type": "earthquake", "osm_type": "way", "osm_id": 1556451712}}, {"type": "Feature", "geometry": {"type": "Point", "coordinates": [-76.4859234, 3.9330361]}, "properties": {"building": "yes", "damage:date": "2026-08-10", "damage:event": "2026ColombiaEarthquake-Palmar", "damage:event:wikidata": "Q140984463", "damage:type": "earthquake", "osm_type": "way", "osm_id": 1556451713}}, {"type": "Feature", "geometry": {"type": "Point", "coordinates": [-76.4860055, 3.9330567]}, "properties": {"building": "yes", "damage:date": "2026-08-10", "damage:event": "2026ColombiaEarthquake-Palmar", "damage:event:wikidata": "Q140984463", "damage:type": "earthquake", "osm_type": "way", "osm_id": 1556451714}}, {"type": "Feature", "geometry": {"type": "Point", "coordinates": [-76.4858437, 3.9329872]}, "properties": {"building": "yes", "damage:date": "2026-08-10", "damage:event": "2026ColombiaEarthquake-Palmar", "damage:event:wikidata": "Q140984463", "damage:type": "earthquake", "osm_type": "way", "osm_id": 1556451716}}, {"type": "Feature", "geometry": {"type": "Point", "coordinates": [-76.4863508, 3.9329255]}, "properties": {"building": "yes", "damage:date": "2026-08-10", "damage:event": "2026ColombiaEarthquake-Palmar", "damage:event:wikidata": "Q140984463", "damage:type": "earthquake", "osm_type": "way", "osm_id": 1556451717}}, {"type": "Feature", "geometry": {"type": "Point", "coordinates": [-76.4860906, 3.9329177]}, "properties": {"building": "yes", "damage:date": "2026-08-10", "damage:event": "2026ColombiaEarthquake-Palmar", "damage:event:wikidata": "Q140984463", "damage:type": "earthquake", "osm_type": "way", "osm_id": 1556451718}}, {"type": "Feature", "geometry": {"type": "Point", "coordinates": [-76.4858612, 3.9328452]}, "properties": {"building": "yes", "damage:date": "2026-08-10", "damage:event": "2026ColombiaEarthquake-Palmar", "damage:event:wikidata": "Q140984463", "damage:type": "earthquake", "osm_type": "way", "osm_id": 1556451719}}, {"type": "Feature", "geometry": {"type": "Point", "coordinates": [-76.4857374, 3.9329598]}, "properties": {"building": "yes", "damage:date": "2026-08-10", "damage:event": "2026ColombiaEarthquake-Palmar", "damage:event:wikidata": "Q140984463", "damage:type": "earthquake", "osm_type": "way", "osm_id": 1556451720}}, {"type": "Feature", "geometry": {"type": "Point", "coordinates": [-76.4857741, 3.9328773]}, "properties": {"building": "yes", "damage:date": "2026-08-10", "damage:event": "2026ColombiaEarthquake-Palmar", "damage:event:wikidata": "Q140984463", "damage:type": "earthquake", "osm_type": "way", "osm_id": 1556451721}}, {"type": "Feature", "geometry": {"type": "Point", "coordinates": [-76.4859432, 3.9329543]}, "properties": {"building": "yes", "damage:date": "2026-08-10", "damage:event": "2026ColombiaEarthquake-Palmar", "damage:event:wikidata": "Q140984463", "damage:type": "earthquake", "osm_type": "way", "osm_id": 1556451722}}, {"type": "Feature", "geometry": {"type": "Point", "coordinates": [-76.4860604, 3.9328357]}, "properties": {"building": "yes", "damage:date": "2026-08-10", "damage:event": "2026ColombiaEarthquake-Palmar", "damage:event:wikidata": "Q140984463", "damage:type": "earthquake", "osm_type": "way", "osm_id": 1556451723}}, {"type": "Feature", "geometry": {"type": "Point", "coordinates": [-76.4939062, 3.9226345]}, "properties": {"building": "yes", "damage:date": "2026-08-10", "damage:event": "2026ColombiaEarthquake-Palmar", "damage:event:wikidata": "Q140984463", "damage:type": "earthquake", "osm_type": "way", "osm_id": 1556457650}}, {"type": "Feature", "geometry": {"type": "Point", "coordinates": [-76.4937413, 3.9225649]}, "properties": {"building": "yes", "damage:date": "2026-08-10", "damage:event": "2026ColombiaEarthquake-Palmar", "damage:event:wikidata": "Q140984463", "damage:type": "earthquake", "osm_type": "way", "osm_id": 1556457651}}, {"type": "Feature", "geometry": {"type": "Point", "coordinates": [-76.4892835, 3.9411099]}, "properties": {"building": "greenhouse", "damage:date": "2026-08-10", "damage:event": "2026ColombiaEarthquake-Palmar", "damage:event:wikidata": "Q140984463", "damage:type": "earthquake", "osm_type": "way", "osm_id": 1556458028}}, {"type": "Feature", "geometry": {"type": "Point", "coordinates": [-76.4904229, 3.9219583]}, "properties": {"building": "yes", "damage:date": "2026-08-10", "damage:event": "2026ColombiaEarthquake-Palmar", "damage:event:wikidata": "Q140984463", "damage:type": "earthquake", "osm_type": "way", "osm_id": 1556462068}}, {"type": "Feature", "geometry": {"type": "Point", "coordinates": [-76.4907588, 3.9225777]}, "properties": {"building": "yes", "damage:date": "2026-08-10", "damage:event": "2026ColombiaEarthquake-Palmar", "damage:event:wikidata": "Q140984463", "damage:type": "earthquake", "osm_type": "way", "osm_id": 1556462080}}, {"type": "Feature", "geometry": {"type": "Point", "coordinates": [-76.493123, 3.9243851]}, "properties": {"building": "yes", "damage:date": "2026-08-10", "damage:event": "2026ColombiaEarthquake-Palmar", "damage:event:wikidata": "Q140984463", "damage:type": "earthquake", "osm_type": "way", "osm_id": 1556466744}}, {"type": "Feature", "geometry": {"type": "Point", "coordinates": [-76.4925544, 3.9231989]}, "properties": {"building": "yes", "damage:date": "2026-08-10", "damage:event": "2026ColombiaEarthquake-Palmar", "damage:event:wikidata": "Q140984463", "damage:type": "earthquake", "osm_type": "way", "osm_id": 1556466762}}, {"type": "Feature", "geometry": {"type": "Point", "coordinates": [-76.4765939, 3.9312155]}, "properties": {"damage:date": "2026-08-10", "damage:event": "2026ColombiaEarthquake-Palmar", "damage:event:wikidata": "Q140984463", "damage:type": "earthquake", "destroyed:building": "yes", "osm_type": "way", "osm_id": 1556474399}}, {"type": "Feature", "geometry": {"type": "Point", "coordinates": [-76.475842, 3.9310807]}, "properties": {"building": "yes", "damage:date": "2026-08-10", "damage:event": "2026ColombiaEarthquake-Palmar", "damage:event:wikidata": "Q140984463", "damage:type": "earthquake", "osm_type": "way", "osm_id": 1556474404}}, {"type": "Feature", "geometry": {"type": "Point", "coordinates": [-76.4758564, 3.9311637]}, "properties": {"building": "yes", "damage:date": "2026-08-10", "damage:event": "2026ColombiaEarthquake-Palmar", "damage:event:wikidata": "Q140984463", "damage:type": "earthquake", "osm_type": "way", "osm_id": 1556474406}}, {"type": "Feature", "geometry": {"type": "Point", "coordinates": [-76.4759261, 3.9313589]}, "properties": {"building": "yes", "damage:date": "2026-08-10", "damage:event": "2026ColombiaEarthquake-Palmar", "damage:event:wikidata": "Q140984463", "damage:type": "earthquake", "osm_type": "way", "osm_id": 1556474408}}, {"type": "Feature", "geometry": {"type": "Point", "coordinates": [-76.4770616, 3.9303616]}, "properties": {"building": "yes", "damage:date": "2026-08-10", "damage:event": "2026ColombiaEarthquake-Palmar", "damage:event:wikidata": "Q140984463", "damage:type": "earthquake", "osm_type": "way", "osm_id": 1556474413}}, {"type": "Feature", "geometry": {"type": "Point", "coordinates": [-76.4763797, 3.9321265]}, "properties": {"building": "yes", "damage:date": "2026-08-10", "damage:event": "2026ColombiaEarthquake-Palmar", "damage:event:wikidata": "Q140984463", "damage:type": "earthquake", "osm_type": "way", "osm_id": 1556488050}}, {"type": "Feature", "geometry": {"type": "Point", "coordinates": [-76.4765067, 3.9320847]}, "properties": {"building": "yes", "damage:date": "2026-08-10", "damage:event": "2026ColombiaEarthquake-Palmar", "damage:event:wikidata": "Q140984463", "damage:type": "earthquake", "osm_type": "way", "osm_id": 1556488051}}, {"type": "Feature", "geometry": {"type": "Point", "coordinates": [-76.4763283, 3.9322043]}, "properties": {"building": "yes", "damage:date": "2026-08-10", "damage:event": "2026ColombiaEarthquake-Palmar", "damage:event:wikidata": "Q140984463", "damage:type": "earthquake", "osm_type": "way", "osm_id": 1556488053}}, {"type": "Feature", "geometry": {"type": "Point", "coordinates": [-76.4763482, 3.9318627]}, "properties": {"damage:date": "2026-08-10", "damage:event": "2026ColombiaEarthquake-Palmar", "damage:event:wikidata": "Q140984463", "damage:type": "earthquake", "destroyed:building": "yes", "osm_type": "way", "osm_id": 1556488058}}, {"type": "Feature", "geometry": {"type": "Point", "coordinates": [-76.4762897, 3.9315837]}, "properties": {"building": "yes", "damage:date": "2026-08-10", "damage:event": "2026ColombiaEarthquake-Palmar", "damage:event:wikidata": "Q140984463", "damage:type": "earthquake", "osm_type": "way", "osm_id": 1556488061}}, {"type": "Feature", "geometry": {"type": "Point", "coordinates": [-76.4765626, 3.9314721]}, "properties": {"building": "yes", "damage:date": "2026-08-10", "damage:event": "2026ColombiaEarthquake-Palmar", "damage:event:wikidata": "Q140984463", "damage:type": "earthquake", "osm_type": "way", "osm_id": 1556488066}}, {"type": "Feature", "geometry": {"type": "Point", "coordinates": [-76.4767697, 3.9314278]}, "properties": {"building": "yes", "damage:date": "2026-08-10", "damage:event": "2026ColombiaEarthquake-Palmar", "damage:event:wikidata": "Q140984463", "damage:type": "earthquake", "osm_type": "way", "osm_id": 1556488071}}, {"type": "Feature", "geometry": {"type": "Point", "coordinates": [-76.4769793, 3.9319225]}, "properties": {"building": "yes", "damage:date": "2026-08-10", "damage:event": "2026ColombiaEarthquake-Palmar", "damage:event:wikidata": "Q140984463", "damage:type": "earthquake", "osm_type": "way", "osm_id": 1556488082}}, {"type": "Feature", "geometry": {"type": "Point", "coordinates": [-76.4877386, 3.9341627]}, "properties": {"building": "house", "damage:date": "2026-08-10", "damage:event": "2026ColombiaEarthquake-Palmar", "damage:event:wikidata": "Q140984463", "damage:type": "earthquake", "osm_type": "way", "osm_id": 1556493197}}, {"type": "Feature", "geometry": {"type": "Point", "coordinates": [-76.4869956, 3.9341302]}, "properties": {"building": "house", "damage:date": "2026-08-10", "damage:event": "2026ColombiaEarthquake-Palmar", "damage:event:wikidata": "Q140984463", "damage:type": "earthquake", "osm_type": "way", "osm_id": 1556493206}}, {"type": "Feature", "geometry": {"type": "Point", "coordinates": [-76.4887572, 3.9245333]}, "properties": {"building": "yes", "damage:date": "2026-08-10", "damage:event": "2026ColombiaEarthquake-Palmar", "damage:event:wikidata": "Q140984463", "damage:type": "earthquake", "osm_type": "way", "osm_id": 1556495765}}, {"type": "Feature", "geometry": {"type": "Point", "coordinates": [-76.4889469, 3.9237756]}, "properties": {"building": "yes", "damage:date": "2026-08-10", "damage:event": "2026ColombiaEarthquake-Palmar", "damage:event:wikidata": "Q140984463", "damage:type": "earthquake", "osm_type": "way", "osm_id": 1556495774}}, {"type": "Feature", "geometry": {"type": "Point", "coordinates": [-76.489181, 3.9234927]}, "properties": {"building": "yes", "damage:date": "2026-08-10", "damage:event": "2026ColombiaEarthquake-Palmar", "damage:event:wikidata": "Q140984463", "damage:type": "earthquake", "osm_type": "way", "osm_id": 1556495777}}, {"type": "Feature", "geometry": {"type": "Point", "coordinates": [-76.4881539, 3.9254]}, "properties": {"building": "yes", "damage:date": "2026-08-10", "damage:event": "2026ColombiaEarthquake-Palmar", "damage:event:wikidata": "Q140984463", "damage:type": "earthquake", "osm_type": "way", "osm_id": 1556498207}}, {"type": "Feature", "geometry": {"type": "Point", "coordinates": [-76.4903894, 3.9372473]}, "properties": {"building": "yes", "damage:date": "2026-08-10", "damage:event": "2026ColombiaEarthquake-Palmar", "damage:event:wikidata": "Q140984463", "damage:type": "earthquake", "osm_type": "way", "osm_id": 1556508826}}, {"type": "Feature", "geometry": {"type": "Point", "coordinates": [-76.48716, 3.937779]}, "properties": {"building": "yes", "damage:date": "2026-08-10", "damage:event": "2026ColombiaEarthquake-Palmar", "damage:event:wikidata": "Q140984463", "damage:type": "earthquake", "osm_type": "way", "osm_id": 1556509956}}, {"type": "Feature", "geometry": {"type": "Point", "coordinates": [-76.4302698, 3.9654742]}, "properties": {"building": "yes", "damage:date": "2026-08-10", "damage:event": "2026ColombiaEarthquake-Palmar", "damage:event:wikidata": "Q140984463", "damage:type": "earthquake", "osm_type": "way", "osm_id": 1556603629}}, {"type": "Feature", "geometry": {"type": "Point", "coordinates": [-76.4310902, 3.9693251]}, "properties": {"building": "yes", "damage:date": "2026-08-10", "damage:event": "2026ColombiaEarthquake-Palmar", "damage:event:wikidata": "Q140984463", "damage:type": "earthquake", "osm_type": "way", "osm_id": 1556608391}}, {"type": "Feature", "geometry": {"type": "Point", "coordinates": [-76.4309536, 3.9693347]}, "properties": {"building": "yes", "damage:date": "2026-08-10", "damage:event": "2026ColombiaEarthquake-Palmar", "damage:event:wikidata": "Q140984463", "damage:type": "earthquake", "osm_type": "way", "osm_id": 1556608392}}, {"type": "Feature", "geometry": {"type": "Point", "coordinates": [-76.491462, 3.9356133]}, "properties": {"building": "yes", "damage:date": "2026-08-10", "damage:event": "2026ColombiaEarthquake-Palmar", "damage:event:wikidata": "Q140984463", "damage:type": "earthquake", "osm_type": "way", "osm_id": 1556676701}}, {"type": "Feature", "geometry": {"type": "Point", "coordinates": [-76.4787185, 3.9378175]}, "properties": {"building": "house", "damage:date": "2026-08-10", "damage:event": "2026ColombiaEarthquake-Palmar", "damage:event:wikidata": "Q140984463", "damage:type": "earthquake", "osm_type": "way", "osm_id": 1556679900}}, {"type": "Feature", "geometry": {"type": "Point", "coordinates": [-76.4787347, 3.9379294]}, "properties": {"building": "shed", "damage:date": "2026-08-10", "damage:event": "2026ColombiaEarthquake-Palmar", "damage:event:wikidata": "Q140984463", "damage:type": "earthquake", "osm_type": "way", "osm_id": 1556680029}}, {"type": "Feature", "geometry": {"type": "Point", "coordinates": [-76.4787831, 3.9377584]}, "properties": {"building": "yes", "damage:date": "2026-08-10", "damage:event": "2026ColombiaEarthquake-Palmar", "damage:event:wikidata": "Q140984463", "damage:type": "earthquake", "osm_type": "way", "osm_id": 1556680030}}, {"type": "Feature", "geometry": {"type": "Point", "coordinates": [-76.4788089, 3.9376729]}, "properties": {"building": "house", "damage:date": "2026-08-10", "damage:event": "2026ColombiaEarthquake-Palmar", "damage:event:wikidata": "Q140984463", "damage:type": "earthquake", "osm_type": "way", "osm_id": 1556680031}}, {"type": "Feature", "geometry": {"type": "Point", "coordinates": [-76.4789576, 3.9376362]}, "properties": {"building": "yes", "damage:date": "2026-08-10", "damage:event": "2026ColombiaEarthquake-Palmar", "damage:event:wikidata": "Q140984463", "damage:type": "earthquake", "osm_type": "way", "osm_id": 1556680045}}, {"type": "Feature", "geometry": {"type": "Point", "coordinates": [-76.4791152, 3.9374053]}, "properties": {"building": "yes", "damage:date": "2026-08-10", "damage:event": "2026ColombiaEarthquake-Palmar", "damage:event:wikidata": "Q140984463", "damage:type": "earthquake", "osm_type": "way", "osm_id": 1556680820}}, {"type": "Feature", "geometry": {"type": "Point", "coordinates": [-76.4788511, 3.9372628]}, "properties": {"building": "house", "damage:date": "2026-08-10", "damage:event": "2026ColombiaEarthquake-Palmar", "damage:event:wikidata": "Q140984463", "damage:type": "earthquake", "osm_type": "way", "osm_id": 1556680821}}, {"type": "Feature", "geometry": {"type": "Point", "coordinates": [-76.479044, 3.9371439]}, "properties": {"building": "yes", "damage:date": "2026-08-10", "damage:event": "2026ColombiaEarthquake-Palmar", "damage:event:wikidata": "Q140984463", "damage:type": "earthquake", "osm_type": "way", "osm_id": 1556680826}}, {"type": "Feature", "geometry": {"type": "Point", "coordinates": [-76.4786323, 3.9371355]}, "properties": {"building": "house", "damage:date": "2026-08-10", "damage:event": "2026ColombiaEarthquake-Palmar", "damage:event:wikidata": "Q140984463", "damage:type": "earthquake", "osm_type": "way", "osm_id": 1556680832}}, {"type": "Feature", "geometry": {"type": "Point", "coordinates": [-76.4787302, 3.936986]}, "properties": {"building": "house", "damage:date": "2026-08-10", "damage:event": "2026ColombiaEarthquake-Palmar", "damage:event:wikidata": "Q140984463", "damage:type": "earthquake", "osm_type": "way", "osm_id": 1556681066}}, {"type": "Feature", "geometry": {"type": "Point", "coordinates": [-76.4786723, 3.93687]}, "properties": {"building": "yes", "damage:date": "2026-08-10", "damage:event": "2026ColombiaEarthquake-Palmar", "damage:event:wikidata": "Q140984463", "damage:type": "earthquake", "osm_type": "way", "osm_id": 1556681067}}, {"type": "Feature", "geometry": {"type": "Point", "coordinates": [-76.4797228, 3.9378396]}, "properties": {"building": "yes", "damage:date": "2026-08-10", "damage:event": "2026ColombiaEarthquake-Palmar", "damage:event:wikidata": "Q140984463", "damage:type": "earthquake", "osm_type": "way", "osm_id": 1556681112}}, {"type": "Feature", "geometry": {"type": "Point", "coordinates": [-76.4795985, 3.9377498]}, "properties": {"building": "yes", "damage:date": "2026-08-10", "damage:event": "2026ColombiaEarthquake-Palmar", "damage:event:wikidata": "Q140984463", "damage:type": "earthquake", "osm_type": "way", "osm_id": 1556681113}}, {"type": "Feature", "geometry": {"type": "Point", "coordinates": [-76.4794703, 3.9371139]}, "properties": {"building": "yes", "damage:date": "2026-08-10", "damage:event": "2026ColombiaEarthquake-Palmar", "damage:event:wikidata": "Q140984463", "damage:type": "earthquake", "osm_type": "way", "osm_id": 1556681571}}, {"type": "Feature", "geometry": {"type": "Point", "coordinates": [-76.4793791, 3.9370565]}, "properties": {"building": "house", "damage:date": "2026-08-10", "damage:event": "2026ColombiaEarthquake-Palmar", "damage:event:wikidata": "Q140984463", "damage:type": "earthquake", "osm_type": "way", "osm_id": 1556681572}}, {"type": "Feature", "geometry": {"type": "Point", "coordinates": [-76.4793075, 3.9370025]}, "properties": {"building": "house", "damage:date": "2026-08-10", "damage:event": "2026ColombiaEarthquake-Palmar", "damage:event:wikidata": "Q140984463", "damage:type": "earthquake", "osm_type": "way", "osm_id": 1556681573}}, {"type": "Feature", "geometry": {"type": "Point", "coordinates": [-76.4793427, 3.93695]}, "properties": {"building": "house", "damage:date": "2026-08-10", "damage:event": "2026ColombiaEarthquake-Palmar", "damage:event:wikidata": "Q140984463", "damage:type": "earthquake", "osm_type": "way", "osm_id": 1556681574}}, {"type": "Feature", "geometry": {"type": "Point", "coordinates": [-76.4794212, 3.9370067]}, "properties": {"building": "house", "damage:date": "2026-08-10", "damage:event": "2026ColombiaEarthquake-Palmar", "damage:event:wikidata": "Q140984463", "damage:type": "earthquake", "osm_type": "way", "osm_id": 1556681575}}, {"type": "Feature", "geometry": {"type": "Point", "coordinates": [-76.4793815, 3.9368995]}, "properties": {"building": "house", "damage:date": "2026-08-10", "damage:event": "2026ColombiaEarthquake-Palmar", "damage:event:wikidata": "Q140984463", "damage:type": "earthquake", "osm_type": "way", "osm_id": 1556681576}}, {"type": "Feature", "geometry": {"type": "Point", "coordinates": [-76.4794179, 3.9368469]}, "properties": {"building": "house", "damage:date": "2026-08-10", "damage:event": "2026ColombiaEarthquake-Palmar", "damage:event:wikidata": "Q140984463", "damage:type": "earthquake", "osm_type": "way", "osm_id": 1556681577}}, {"type": "Feature", "geometry": {"type": "Point", "coordinates": [-76.479494, 3.9369027]}, "properties": {"building": "house", "damage:date": "2026-08-10", "damage:event": "2026ColombiaEarthquake-Palmar", "damage:event:wikidata": "Q140984463", "damage:type": "earthquake", "osm_type": "way", "osm_id": 1556681578}}, {"type": "Feature", "geometry": {"type": "Point", "coordinates": [-76.4795314, 3.9368512]}, "properties": {"building": "house", "damage:date": "2026-08-10", "damage:event": "2026ColombiaEarthquake-Palmar", "damage:event:wikidata": "Q140984463", "damage:type": "earthquake", "osm_type": "way", "osm_id": 1556681579}}, {"type": "Feature", "geometry": {"type": "Point", "coordinates": [-76.479575, 3.9369662]}, "properties": {"building": "yes", "damage:date": "2026-08-10", "damage:event": "2026ColombiaEarthquake-Palmar", "damage:event:wikidata": "Q140984463", "damage:type": "earthquake", "osm_type": "way", "osm_id": 1556681580}}, {"type": "Feature", "geometry": {"type": "Point", "coordinates": [-76.4794565, 3.936953]}, "properties": {"building": "house", "damage:date": "2026-08-10", "damage:event": "2026ColombiaEarthquake-Palmar", "damage:event:wikidata": "Q140984463", "damage:type": "earthquake", "osm_type": "way", "osm_id": 1556681581}}, {"type": "Feature", "geometry": {"type": "Point", "coordinates": [-76.4796147, 3.9372371]}, "properties": {"building": "yes", "damage:date": "2026-08-10", "damage:event": "2026ColombiaEarthquake-Palmar", "damage:event:wikidata": "Q140984463", "damage:type": "earthquake", "osm_type": "way", "osm_id": 1556681950}}, {"type": "Feature", "geometry": {"type": "Point", "coordinates": [-76.4792289, 3.9368952]}, "properties": {"building": "house", "damage:date": "2026-08-10", "damage:event": "2026ColombiaEarthquake-Palmar", "damage:event:wikidata": "Q140984463", "damage:type": "earthquake", "osm_type": "way", "osm_id": 1556682086}}, {"type": "Feature", "geometry": {"type": "Point", "coordinates": [-76.4792681, 3.9368432]}, "properties": {"building": "house", "damage:date": "2026-08-10", "damage:event": "2026ColombiaEarthquake-Palmar", "damage:event:wikidata": "Q140984463", "damage:type": "earthquake", "osm_type": "way", "osm_id": 1556682087}}, {"type": "Feature", "geometry": {"type": "Point", "coordinates": [-76.4928378, 3.9346938]}, "properties": {"building": "yes", "damage:date": "2026-08-10", "damage:event": "2026ColombiaEarthquake-Palmar", "damage:event:wikidata": "Q140984463", "damage:type": "earthquake", "osm_type": "way", "osm_id": 1556685140}}, {"type": "Feature", "geometry": {"type": "Point", "coordinates": [-76.4909718, 3.9300866]}, "properties": {"building": "yes", "damage:date": "2026-08-10", "damage:event": "2026ColombiaEarthquake-Palmar", "damage:event:wikidata": "Q140984463", "damage:type": "earthquake", "osm_type": "way", "osm_id": 1556688935}}, {"type": "Feature", "geometry": {"type": "Point", "coordinates": [-76.4899659, 3.9250287]}, "properties": {"building": "yes", "damage:date": "2026-08-10", "damage:event": "2026ColombiaEarthquake-Palmar", "damage:event:wikidata": "Q140984463", "damage:type": "earthquake", "osm_type": "way", "osm_id": 1556690881}}, {"type": "Feature", "geometry": {"type": "Point", "coordinates": [-76.4822683, 3.9400651]}, "properties": {"damage:date": "2026-08-10", "damage:event": "2026ColombiaEarthquake-Palmar", "damage:event:wikidata": "Q140984463", "damage:type": "earthquake", "destroyed:building": "yes", "osm_type": "way", "osm_id": 1556698459}}, {"type": "Feature", "geometry": {"type": "Point", "coordinates": [-76.4823596, 3.9400211]}, "properties": {"building": "yes", "damage:date": "2026-08-10", "damage:event": "2026ColombiaEarthquake-Palmar", "damage:event:wikidata": "Q140984463", "damage:type": "earthquake", "osm_type": "way", "osm_id": 1556698460}}, {"type": "Feature", "geometry": {"type": "Point", "coordinates": [-76.4878944, 3.9339934]}, "properties": {"building": "yes", "damage:date": "2026-08-10", "damage:event": "2026ColombiaEarthquake-Palmar", "damage:event:wikidata": "Q140984463", "damage:type": "earthquake", "osm_type": "way", "osm_id": 1556700443}}, {"type": "Feature", "geometry": {"type": "Point", "coordinates": [-76.4879461, 3.9340041]}, "properties": {"building": "yes", "damage:date": "2026-08-10", "damage:event": "2026ColombiaEarthquake-Palmar", "damage:event:wikidata": "Q140984463", "damage:type": "earthquake", "osm_type": "way", "osm_id": 1556700445}}, {"type": "Feature", "geometry": {"type": "Point", "coordinates": [-76.4880922, 3.9339368]}, "properties": {"building": "yes", "damage:date": "2026-08-10", "damage:event": "2026ColombiaEarthquake-Palmar", "damage:event:wikidata": "Q140984463", "damage:type": "earthquake", "osm_type": "way", "osm_id": 1556700446}}, {"type": "Feature", "geometry": {"type": "Point", "coordinates": [-76.4880996, 3.9338302]}, "properties": {"building": "yes", "damage:date": "2026-08-10", "damage:event": "2026ColombiaEarthquake-Palmar", "damage:event:wikidata": "Q140984463", "damage:type": "earthquake", "osm_type": "way", "osm_id": 1556700448}}, {"type": "Feature", "geometry": {"type": "Point", "coordinates": [-76.4881602, 3.9339137]}, "properties": {"building": "yes", "damage:date": "2026-08-10", "damage:event": "2026ColombiaEarthquake-Palmar", "damage:event:wikidata": "Q140984463", "damage:type": "earthquake", "osm_type": "way", "osm_id": 1556700449}}, {"type": "Feature", "geometry": {"type": "Point", "coordinates": [-76.4879899, 3.9337783]}, "properties": {"building": "yes", "damage:date": "2026-08-10", "damage:event": "2026ColombiaEarthquake-Palmar", "damage:event:wikidata": "Q140984463", "damage:type": "earthquake", "osm_type": "way", "osm_id": 1556700450}}, {"type": "Feature", "geometry": {"type": "Point", "coordinates": [-76.4876914, 3.9339186]}, "properties": {"building": "house", "damage:date": "2026-08-10", "damage:event": "2026ColombiaEarthquake-Palmar", "damage:event:wikidata": "Q140984463", "damage:type": "earthquake", "osm_type": "way", "osm_id": 1556700989}}, {"type": "Feature", "geometry": {"type": "Point", "coordinates": [-76.4876231, 3.9338853]}, "properties": {"building": "house", "damage:date": "2026-08-10", "damage:event": "2026ColombiaEarthquake-Palmar", "damage:event:wikidata": "Q140984463", "damage:type": "earthquake", "osm_type": "way", "osm_id": 1556700990}}, {"type": "Feature", "geometry": {"type": "Point", "coordinates": [-76.4875195, 3.933831]}, "properties": {"building": "yes", "damage:date": "2026-08-10", "damage:event": "2026ColombiaEarthquake-Palmar", "damage:event:wikidata": "Q140984463", "damage:type": "earthquake", "osm_type": "way", "osm_id": 1556700991}}, {"type": "Feature", "geometry": {"type": "Point", "coordinates": [-76.4877214, 3.9337844]}, "properties": {"building": "yes", "damage:date": "2026-08-10", "damage:event": "2026ColombiaEarthquake-Palmar", "damage:event:wikidata": "Q140984463", "damage:type": "earthquake", "osm_type": "way", "osm_id": 1556700992}}, {"type": "Feature", "geometry": {"type": "Point", "coordinates": [-76.4877637, 3.9336643]}, "properties": {"building": "yes", "damage:date": "2026-08-10", "damage:event": "2026ColombiaEarthquake-Palmar", "damage:event:wikidata": "Q140984463", "damage:type": "earthquake", "osm_type": "way", "osm_id": 1556700994}}, {"type": "Feature", "geometry": {"type": "Point", "coordinates": [-76.4878518, 3.9335596]}, "properties": {"building": "yes", "damage:date": "2026-08-10", "damage:event": "2026ColombiaEarthquake-Palmar", "damage:event:wikidata": "Q140984463", "damage:type": "earthquake", "osm_type": "way", "osm_id": 1556700995}}, {"type": "Feature", "geometry": {"type": "Point", "coordinates": [-76.4878199, 3.9334016]}, "properties": {"building": "yes", "damage:date": "2026-08-10", "damage:event": "2026ColombiaEarthquake-Palmar", "damage:event:wikidata": "Q140984463", "damage:type": "earthquake", "osm_type": "way", "osm_id": 1556700997}}, {"type": "Feature", "geometry": {"type": "Point", "coordinates": [-76.4828606, 3.9407584]}, "properties": {"building": "yes", "damage:date": "2026-08-10", "damage:event": "2026ColombiaEarthquake-Palmar", "damage:event:wikidata": "Q140984463", "damage:type": "earthquake", "osm_type": "way", "osm_id": 1556701005}}, {"type": "Feature", "geometry": {"type": "Point", "coordinates": [-76.4831008, 3.9405482]}, "properties": {"building": "yes", "damage:date": "2026-08-10", "damage:event": "2026ColombiaEarthquake-Palmar", "damage:event:wikidata": "Q140984463", "damage:type": "earthquake", "osm_type": "way", "osm_id": 1556701009}}, {"type": "Feature", "geometry": {"type": "Point", "coordinates": [-76.4873453, 3.933928]}, "properties": {"building": "yes", "damage:date": "2026-08-10", "damage:event": "2026ColombiaEarthquake-Palmar", "damage:event:wikidata": "Q140984463", "damage:type": "earthquake", "osm_type": "way", "osm_id": 1556701737}}, {"type": "Feature", "geometry": {"type": "Point", "coordinates": [-76.4870328, 3.9340518]}, "properties": {"building": "yes", "damage:date": "2026-08-10", "damage:event": "2026ColombiaEarthquake-Palmar", "damage:event:wikidata": "Q140984463", "damage:type": "earthquake", "osm_type": "way", "osm_id": 1556701739}}, {"type": "Feature", "geometry": {"type": "Point", "coordinates": [-76.4871199, 3.9339]}, "properties": {"building": "house", "damage:date": "2026-08-10", "damage:event": "2026ColombiaEarthquake-Palmar", "damage:event:wikidata": "Q140984463", "damage:type": "earthquake", "osm_type": "way", "osm_id": 1556701741}}, {"type": "Feature", "geometry": {"type": "Point", "coordinates": [-76.4870052, 3.933844]}, "properties": {"building": "house", "damage:date": "2026-08-10", "damage:event": "2026ColombiaEarthquake-Palmar", "damage:event:wikidata": "Q140984463", "damage:type": "earthquake", "osm_type": "way", "osm_id": 1556701742}}, {"type": "Feature", "geometry": {"type": "Point", "coordinates": [-76.486885, 3.933988]}, "properties": {"building": "house", "damage:date": "2026-08-10", "damage:event": "2026ColombiaEarthquake-Palmar", "damage:event:wikidata": "Q140984463", "damage:type": "earthquake", "osm_type": "way", "osm_id": 1556701744}}, {"type": "Feature", "geometry": {"type": "Point", "coordinates": [-76.487328, 3.9336662]}, "properties": {"building": "yes", "damage:date": "2026-08-10", "damage:event": "2026ColombiaEarthquake-Palmar", "damage:event:wikidata": "Q140984463", "damage:type": "earthquake", "osm_type": "way", "osm_id": 1556702298}}, {"type": "Feature", "geometry": {"type": "Point", "coordinates": [-76.4871174, 3.9336343]}, "properties": {"building": "yes", "damage:date": "2026-08-10", "damage:event": "2026ColombiaEarthquake-Palmar", "damage:event:wikidata": "Q140984463", "damage:type": "earthquake", "osm_type": "way", "osm_id": 1556702299}}, {"type": "Feature", "geometry": {"type": "Point", "coordinates": [-76.4871972, 3.9334581]}, "properties": {"building": "yes", "damage:date": "2026-08-10", "damage:event": "2026ColombiaEarthquake-Palmar", "damage:event:wikidata": "Q140984463", "damage:type": "earthquake", "osm_type": "way", "osm_id": 1556702300}}, {"type": "Feature", "geometry": {"type": "Point", "coordinates": [-76.4873661, 3.933153]}, "properties": {"building": "yes", "damage:date": "2026-08-10", "damage:event": "2026ColombiaEarthquake-Palmar", "damage:event:wikidata": "Q140984463", "damage:type": "earthquake", "osm_type": "way", "osm_id": 1556702301}}, {"type": "Feature", "geometry": {"type": "Point", "coordinates": [-76.4875071, 3.9332948]}, "properties": {"building": "yes", "damage:date": "2026-08-10", "damage:event": "2026ColombiaEarthquake-Palmar", "damage:event:wikidata": "Q140984463", "damage:type": "earthquake", "osm_type": "way", "osm_id": 1556702302}}, {"type": "Feature", "geometry": {"type": "Point", "coordinates": [-76.4872419, 3.933353]}, "properties": {"building": "yes", "damage:date": "2026-08-10", "damage:event": "2026ColombiaEarthquake-Palmar", "damage:event:wikidata": "Q140984463", "damage:type": "earthquake", "osm_type": "way", "osm_id": 1556702303}}, {"type": "Feature", "geometry": {"type": "Point", "coordinates": [-76.4812341, 3.9390169]}, "properties": {"building": "house", "damage:date": "2026-08-10", "damage:event": "2026ColombiaEarthquake-Palmar", "damage:event:wikidata": "Q140984463", "damage:type": "earthquake", "osm_type": "way", "osm_id": 1556702364}}, {"type": "Feature", "geometry": {"type": "Point", "coordinates": [-76.481034, 3.9388647]}, "properties": {"building": "house", "damage:date": "2026-08-10", "damage:event": "2026ColombiaEarthquake-Palmar", "damage:event:wikidata": "Q140984463", "damage:type": "earthquake", "osm_type": "way", "osm_id": 1556702366}}, {"type": "Feature", "geometry": {"type": "Point", "coordinates": [-76.4808559, 3.9387426]}, "properties": {"building": "house", "damage:date": "2026-08-10", "damage:event": "2026ColombiaEarthquake-Palmar", "damage:event:wikidata": "Q140984463", "damage:type": "earthquake", "osm_type": "way", "osm_id": 1556702367}}, {"type": "Feature", "geometry": {"type": "Point", "coordinates": [-76.4806998, 3.9386198]}, "properties": {"building": "house", "damage:date": "2026-08-10", "damage:event": "2026ColombiaEarthquake-Palmar", "damage:event:wikidata": "Q140984463", "damage:type": "earthquake", "osm_type": "way", "osm_id": 1556702368}}, {"type": "Feature", "geometry": {"type": "Point", "coordinates": [-76.4801662, 3.9382897]}, "properties": {"building": "yes", "damage:date": "2026-08-10", "damage:event": "2026ColombiaEarthquake-Palmar", "damage:event:wikidata": "Q140984463", "damage:type": "earthquake", "osm_type": "way", "osm_id": 1556702370}}, {"type": "Feature", "geometry": {"type": "Point", "coordinates": [-76.4803084, 3.9386048]}, "properties": {"building": "yes", "damage:date": "2026-08-10", "damage:event": "2026ColombiaEarthquake-Palmar", "damage:event:wikidata": "Q140984463", "damage:type": "earthquake", "osm_type": "way", "osm_id": 1556702371}}, {"type": "Feature", "geometry": {"type": "Point", "coordinates": [-76.4811427, 3.9385845]}, "properties": {"damage:date": "2026-08-10", "damage:event": "2026ColombiaEarthquake-Palmar", "damage:event:wikidata": "Q140984463", "damage:type": "earthquake", "destroyed:building": "yes", "osm_type": "way", "osm_id": 1556702372}}, {"type": "Feature", "geometry": {"type": "Point", "coordinates": [-76.4814116, 3.9391585]}, "properties": {"building": "house", "damage:date": "2026-08-10", "damage:event": "2026ColombiaEarthquake-Palmar", "damage:event:wikidata": "Q140984463", "damage:type": "earthquake", "osm_type": "way", "osm_id": 1556703147}}, {"type": "Feature", "geometry": {"type": "Point", "coordinates": [-76.4815523, 3.939289]}, "properties": {"building": "yes", "damage:date": "2026-08-10", "damage:event": "2026ColombiaEarthquake-Palmar", "damage:event:wikidata": "Q140984463", "damage:type": "earthquake", "osm_type": "way", "osm_id": 1556703148}}, {"type": "Feature", "geometry": {"type": "Point", "coordinates": [-76.4816474, 3.9393242]}, "properties": {"building": "house", "damage:date": "2026-08-10", "damage:event": "2026ColombiaEarthquake-Palmar", "damage:event:wikidata": "Q140984463", "damage:type": "earthquake", "osm_type": "way", "osm_id": 1556703149}}, {"type": "Feature", "geometry": {"type": "Point", "coordinates": [-76.48178, 3.9395496]}, "properties": {"building": "yes", "damage:date": "2026-08-10", "damage:event": "2026ColombiaEarthquake-Palmar", "damage:event:wikidata": "Q140984463", "damage:type": "earthquake", "osm_type": "way", "osm_id": 1556703150}}, {"type": "Feature", "geometry": {"type": "Point", "coordinates": [-76.4818501, 3.9394765]}, "properties": {"building": "house", "damage:date": "2026-08-10", "damage:event": "2026ColombiaEarthquake-Palmar", "damage:event:wikidata": "Q140984463", "damage:type": "earthquake", "osm_type": "way", "osm_id": 1556703151}}, {"type": "Feature", "geometry": {"type": "Point", "coordinates": [-76.482158, 3.9393644]}, "properties": {"building": "house", "damage:date": "2026-08-10", "damage:event": "2026ColombiaEarthquake-Palmar", "damage:event:wikidata": "Q140984463", "damage:type": "earthquake", "osm_type": "way", "osm_id": 1556703152}}, {"type": "Feature", "geometry": {"type": "Point", "coordinates": [-76.4818768, 3.9391546]}, "properties": {"building": "house", "damage:date": "2026-08-10", "damage:event": "2026ColombiaEarthquake-Palmar", "damage:event:wikidata": "Q140984463", "damage:type": "earthquake", "osm_type": "way", "osm_id": 1556703153}}, {"type": "Feature", "geometry": {"type": "Point", "coordinates": [-76.4825213, 3.938819]}, "properties": {"building": "house", "damage:date": "2026-08-10", "damage:event": "2026ColombiaEarthquake-Palmar", "damage:event:wikidata": "Q140984463", "damage:type": "earthquake", "osm_type": "way", "osm_id": 1556703154}}, {"type": "Feature", "geometry": {"type": "Point", "coordinates": [-76.4826887, 3.9387518]}, "properties": {"building": "house", "damage:date": "2026-08-10", "damage:event": "2026ColombiaEarthquake-Palmar", "damage:event:wikidata": "Q140984463", "damage:type": "earthquake", "osm_type": "way", "osm_id": 1556703157}}, {"type": "Feature", "geometry": {"type": "Point", "coordinates": [-76.4823338, 3.9384322]}, "properties": {"building": "house", "damage:date": "2026-08-10", "damage:event": "2026ColombiaEarthquake-Palmar", "damage:event:wikidata": "Q140984463", "damage:type": "earthquake", "osm_type": "way", "osm_id": 1556703158}}, {"type": "Feature", "geometry": {"type": "Point", "coordinates": [-76.4876412, 3.9330042]}, "properties": {"building": "yes", "damage:date": "2026-08-10", "damage:event": "2026ColombiaEarthquake-Palmar", "damage:event:wikidata": "Q140984463", "damage:type": "earthquake", "osm_type": "way", "osm_id": 1556703285}}, {"type": "Feature", "geometry": {"type": "Point", "coordinates": [-76.4880533, 3.9329676]}, "properties": {"building": "yes", "damage:date": "2026-08-10", "damage:event": "2026ColombiaEarthquake-Palmar", "damage:event:wikidata": "Q140984463", "damage:type": "earthquake", "osm_type": "way", "osm_id": 1556703286}}, {"type": "Feature", "geometry": {"type": "Point", "coordinates": [-76.4874995, 3.9329346]}, "properties": {"building": "yes", "damage:date": "2026-08-10", "damage:event": "2026ColombiaEarthquake-Palmar", "damage:event:wikidata": "Q140984463", "damage:type": "earthquake", "osm_type": "way", "osm_id": 1556703287}}, {"type": "Feature", "geometry": {"type": "Point", "coordinates": [-76.4875923, 3.9329186]}, "properties": {"building": "yes", "damage:date": "2026-08-10", "damage:event": "2026ColombiaEarthquake-Palmar", "damage:event:wikidata": "Q140984463", "damage:type": "earthquake", "osm_type": "way", "osm_id": 1556703288}}, {"type": "Feature", "geometry": {"type": "Point", "coordinates": [-76.4875128, 3.9327562]}, "properties": {"building": "yes", "damage:date": "2026-08-10", "damage:event": "2026ColombiaEarthquake-Palmar", "damage:event:wikidata": "Q140984463", "damage:type": "earthquake", "osm_type": "way", "osm_id": 1556703289}}, {"type": "Feature", "geometry": {"type": "Point", "coordinates": [-76.4874652, 3.9334889]}, "properties": {"building": "yes", "damage:date": "2026-08-10", "damage:event": "2026ColombiaEarthquake-Palmar", "damage:event:wikidata": "Q140984463", "damage:type": "earthquake", "osm_type": "way", "osm_id": 1556703291}}, {"type": "Feature", "geometry": {"type": "Point", "coordinates": [-76.4868771, 3.9335501]}, "properties": {"building": "yes", "damage:date": "2026-08-10", "damage:event": "2026ColombiaEarthquake-Palmar", "damage:event:wikidata": "Q140984463", "damage:type": "earthquake", "osm_type": "way", "osm_id": 1556703292}}, {"type": "Feature", "geometry": {"type": "Point", "coordinates": [-76.4869238, 3.9334805]}, "properties": {"building": "yes", "damage:date": "2026-08-10", "damage:event": "2026ColombiaEarthquake-Palmar", "damage:event:wikidata": "Q140984463", "damage:type": "earthquake", "osm_type": "way", "osm_id": 1556703293}}, {"type": "Feature", "geometry": {"type": "Point", "coordinates": [-76.4869853, 3.9333456]}, "properties": {"building": "yes", "damage:date": "2026-08-10", "damage:event": "2026ColombiaEarthquake-Palmar", "damage:event:wikidata": "Q140984463", "damage:type": "earthquake", "osm_type": "way", "osm_id": 1556703295}}, {"type": "Feature", "geometry": {"type": "Point", "coordinates": [-76.487015, 3.9332758]}, "properties": {"building": "yes", "damage:date": "2026-08-10", "damage:event": "2026ColombiaEarthquake-Palmar", "damage:event:wikidata": "Q140984463", "damage:type": "earthquake", "osm_type": "way", "osm_id": 1556703296}}, {"type": "Feature", "geometry": {"type": "Point", "coordinates": [-76.4871598, 3.933008]}, "properties": {"building": "yes", "damage:date": "2026-08-10", "damage:event": "2026ColombiaEarthquake-Palmar", "damage:event:wikidata": "Q140984463", "damage:type": "earthquake", "osm_type": "way", "osm_id": 1556703298}}, {"type": "Feature", "geometry": {"type": "Point", "coordinates": [-76.4870577, 3.9327518]}, "properties": {"building": "yes", "damage:date": "2026-08-10", "damage:event": "2026ColombiaEarthquake-Palmar", "damage:event:wikidata": "Q140984463", "damage:type": "earthquake", "osm_type": "way", "osm_id": 1556703642}}, {"type": "Feature", "geometry": {"type": "Point", "coordinates": [-76.4833722, 3.9395705]}, "properties": {"building": "yes", "damage:date": "2026-08-10", "damage:event": "2026ColombiaEarthquake-Palmar", "damage:event:wikidata": "Q140984463", "damage:type": "earthquake", "osm_type": "way", "osm_id": 1556703978}}, {"type": "Feature", "geometry": {"type": "Point", "coordinates": [-76.4833955, 3.9395458]}, "properties": {"building": "yes", "damage:date": "2026-08-10", "damage:event": "2026ColombiaEarthquake-Palmar", "damage:event:wikidata": "Q140984463", "damage:type": "earthquake", "osm_type": "way", "osm_id": 1556703979}}, {"type": "Feature", "geometry": {"type": "Point", "coordinates": [-76.4832682, 3.9394966]}, "properties": {"building": "yes", "damage:date": "2026-08-10", "damage:event": "2026ColombiaEarthquake-Palmar", "damage:event:wikidata": "Q140984463", "damage:type": "earthquake", "osm_type": "way", "osm_id": 1556703980}}, {"type": "Feature", "geometry": {"type": "Point", "coordinates": [-76.4831628, 3.9395662]}, "properties": {"building": "yes", "damage:date": "2026-08-10", "damage:event": "2026ColombiaEarthquake-Palmar", "damage:event:wikidata": "Q140984463", "damage:type": "earthquake", "osm_type": "way", "osm_id": 1556703981}}, {"type": "Feature", "geometry": {"type": "Point", "coordinates": [-76.4830692, 3.9393148]}, "properties": {"building": "yes", "damage:date": "2026-08-10", "damage:event": "2026ColombiaEarthquake-Palmar", "damage:event:wikidata": "Q140984463", "damage:type": "earthquake", "osm_type": "way", "osm_id": 1556703982}}, {"type": "Feature", "geometry": {"type": "Point", "coordinates": [-76.4831273, 3.9391733]}, "properties": {"building": "house", "damage:date": "2026-08-10", "damage:event": "2026ColombiaEarthquake-Palmar", "damage:event:wikidata": "Q140984463", "damage:type": "earthquake", "osm_type": "way", "osm_id": 1556703983}}, {"type": "Feature", "geometry": {"type": "Point", "coordinates": [-76.4832203, 3.9391899]}, "properties": {"building": "yes", "damage:date": "2026-08-10", "damage:event": "2026ColombiaEarthquake-Palmar", "damage:event:wikidata": "Q140984463", "damage:type": "earthquake", "osm_type": "way", "osm_id": 1556703984}}, {"type": "Feature", "geometry": {"type": "Point", "coordinates": [-76.4832864, 3.9390833]}, "properties": {"building": "yes", "damage:date": "2026-08-10", "damage:event": "2026ColombiaEarthquake-Palmar", "damage:event:wikidata": "Q140984463", "damage:type": "earthquake", "osm_type": "way", "osm_id": 1556703985}}, {"type": "Feature", "geometry": {"type": "Point", "coordinates": [-76.4833237, 3.9390645]}, "properties": {"building": "yes", "damage:date": "2026-08-10", "damage:event": "2026ColombiaEarthquake-Palmar", "damage:event:wikidata": "Q140984463", "damage:type": "earthquake", "osm_type": "way", "osm_id": 1556703986}}, {"type": "Feature", "geometry": {"type": "Point", "coordinates": [-76.4767861, 3.9328733]}, "properties": {"building": "yes", "damage:date": "2026-08-10", "damage:event": "2026ColombiaEarthquake-Palmar", "damage:event:wikidata": "Q140984463", "damage:type": "earthquake", "osm_type": "way", "osm_id": 1556704551}}, {"type": "Feature", "geometry": {"type": "Point", "coordinates": [-76.483355, 3.9389276]}, "properties": {"building": "house", "damage:date": "2026-08-10", "damage:event": "2026ColombiaEarthquake-Palmar", "damage:event:wikidata": "Q140984463", "damage:type": "earthquake", "osm_type": "way", "osm_id": 1556705241}}, {"type": "Feature", "geometry": {"type": "Point", "coordinates": [-76.4829007, 3.9390139]}, "properties": {"building": "house", "damage:date": "2026-08-10", "damage:event": "2026ColombiaEarthquake-Palmar", "damage:event:wikidata": "Q140984463", "damage:type": "earthquake", "osm_type": "way", "osm_id": 1556705242}}, {"type": "Feature", "geometry": {"type": "Point", "coordinates": [-76.4830182, 3.9389661]}, "properties": {"building": "yes", "damage:date": "2026-08-10", "damage:event": "2026ColombiaEarthquake-Palmar", "damage:event:wikidata": "Q140984463", "damage:type": "earthquake", "osm_type": "way", "osm_id": 1556705243}}, {"type": "Feature", "geometry": {"type": "Point", "coordinates": [-76.4829208, 3.9388775]}, "properties": {"building": "yes", "damage:date": "2026-08-10", "damage:event": "2026ColombiaEarthquake-Palmar", "damage:event:wikidata": "Q140984463", "damage:type": "earthquake", "osm_type": "way", "osm_id": 1556705244}}, {"type": "Feature", "geometry": {"type": "Point", "coordinates": [-76.4830803, 3.9388764]}, "properties": {"building": "house", "damage:date": "2026-08-10", "damage:event": "2026ColombiaEarthquake-Palmar", "damage:event:wikidata": "Q140984463", "damage:type": "earthquake", "osm_type": "way", "osm_id": 1556705245}}, {"type": "Feature", "geometry": {"type": "Point", "coordinates": [-76.4827748, 3.9388503]}, "properties": {"building": "house", "damage:date": "2026-08-10", "damage:event": "2026ColombiaEarthquake-Palmar", "damage:event:wikidata": "Q140984463", "damage:type": "earthquake", "osm_type": "way", "osm_id": 1556705246}}, {"type": "Feature", "geometry": {"type": "Point", "coordinates": [-76.4830082, 3.9387519]}, "properties": {"building": "yes", "damage:date": "2026-08-10", "damage:event": "2026ColombiaEarthquake-Palmar", "damage:event:wikidata": "Q140984463", "damage:type": "earthquake", "osm_type": "way", "osm_id": 1556705247}}, {"type": "Feature", "geometry": {"type": "Point", "coordinates": [-76.483192, 3.9387047]}, "properties": {"building": "yes", "damage:date": "2026-08-10", "damage:event": "2026ColombiaEarthquake-Palmar", "damage:event:wikidata": "Q140984463", "damage:type": "earthquake", "osm_type": "way", "osm_id": 1556705248}}, {"type": "Feature", "geometry": {"type": "Point", "coordinates": [-76.4829838, 3.9385823]}, "properties": {"building": "yes", "damage:date": "2026-08-10", "damage:event": "2026ColombiaEarthquake-Palmar", "damage:event:wikidata": "Q140984463", "damage:type": "earthquake", "osm_type": "way", "osm_id": 1556705249}}, {"type": "Feature", "geometry": {"type": "Point", "coordinates": [-76.4832544, 3.9385994]}, "properties": {"building": "yes", "damage:date": "2026-08-10", "damage:event": "2026ColombiaEarthquake-Palmar", "damage:event:wikidata": "Q140984463", "damage:type": "earthquake", "osm_type": "way", "osm_id": 1556705251}}, {"type": "Feature", "geometry": {"type": "Point", "coordinates": [-76.4834936, 3.9385851]}, "properties": {"building": "house", "damage:date": "2026-08-10", "damage:event": "2026ColombiaEarthquake-Palmar", "damage:event:wikidata": "Q140984463", "damage:type": "earthquake", "osm_type": "way", "osm_id": 1556705252}}, {"type": "Feature", "geometry": {"type": "Point", "coordinates": [-76.483637, 3.9385602]}, "properties": {"building": "house", "damage:date": "2026-08-10", "damage:event": "2026ColombiaEarthquake-Palmar", "damage:event:wikidata": "Q140984463", "damage:type": "earthquake", "osm_type": "way", "osm_id": 1556705253}}, {"type": "Feature", "geometry": {"type": "Point", "coordinates": [-76.4835825, 3.9384704]}, "properties": {"building": "yes", "damage:date": "2026-08-10", "damage:event": "2026ColombiaEarthquake-Palmar", "damage:event:wikidata": "Q140984463", "damage:type": "earthquake", "osm_type": "way", "osm_id": 1556705254}}, {"type": "Feature", "geometry": {"type": "Point", "coordinates": [-76.4836433, 3.938391]}, "properties": {"building": "house", "damage:date": "2026-08-10", "damage:event": "2026ColombiaEarthquake-Palmar", "damage:event:wikidata": "Q140984463", "damage:type": "earthquake", "osm_type": "way", "osm_id": 1556705255}}, {"type": "Feature", "geometry": {"type": "Point", "coordinates": [-76.4837448, 3.9383782]}, "properties": {"building": "house", "damage:date": "2026-08-10", "damage:event": "2026ColombiaEarthquake-Palmar", "damage:event:wikidata": "Q140984463", "damage:type": "earthquake", "osm_type": "way", "osm_id": 1556705256}}, {"type": "Feature", "geometry": {"type": "Point", "coordinates": [-76.4838809, 3.9383793]}, "properties": {"building": "house", "damage:date": "2026-08-10", "damage:event": "2026ColombiaEarthquake-Palmar", "damage:event:wikidata": "Q140984463", "damage:type": "earthquake", "osm_type": "way", "osm_id": 1556705257}}, {"type": "Feature", "geometry": {"type": "Point", "coordinates": [-76.4833588, 3.9383114]}, "properties": {"building": "house", "damage:date": "2026-08-10", "damage:event": "2026ColombiaEarthquake-Palmar", "damage:event:wikidata": "Q140984463", "damage:type": "earthquake", "osm_type": "way", "osm_id": 1556705258}}, {"type": "Feature", "geometry": {"type": "Point", "coordinates": [-76.4834893, 3.9383198]}, "properties": {"building": "yes", "damage:date": "2026-08-10", "damage:event": "2026ColombiaEarthquake-Palmar", "damage:event:wikidata": "Q140984463", "damage:type": "earthquake", "osm_type": "way", "osm_id": 1556705259}}, {"type": "Feature", "geometry": {"type": "Point", "coordinates": [-76.4835359, 3.9382747]}, "properties": {"building": "yes", "damage:date": "2026-08-10", "damage:event": "2026ColombiaEarthquake-Palmar", "damage:event:wikidata": "Q140984463", "damage:type": "earthquake", "osm_type": "way", "osm_id": 1556705260}}, {"type": "Feature", "geometry": {"type": "Point", "coordinates": [-76.4832115, 3.9384164]}, "properties": {"building": "yes", "damage:date": "2026-08-10", "damage:event": "2026ColombiaEarthquake-Palmar", "damage:event:wikidata": "Q140984463", "damage:type": "earthquake", "osm_type": "way", "osm_id": 1556705261}}, {"type": "Feature", "geometry": {"type": "Point", "coordinates": [-76.4831656, 3.938307]}, "properties": {"building": "house", "damage:date": "2026-08-10", "damage:event": "2026ColombiaEarthquake-Palmar", "damage:event:wikidata": "Q140984463", "damage:type": "earthquake", "osm_type": "way", "osm_id": 1556705262}}, {"type": "Feature", "geometry": {"type": "Point", "coordinates": [-76.4830582, 3.9384017]}, "properties": {"building": "yes", "damage:date": "2026-08-10", "damage:event": "2026ColombiaEarthquake-Palmar", "damage:event:wikidata": "Q140984463", "damage:type": "earthquake", "osm_type": "way", "osm_id": 1556705263}}, {"type": "Feature", "geometry": {"type": "Point", "coordinates": [-76.4829513, 3.9383149]}, "properties": {"building": "yes", "damage:date": "2026-08-10", "damage:event": "2026ColombiaEarthquake-Palmar", "damage:event:wikidata": "Q140984463", "damage:type": "earthquake", "osm_type": "way", "osm_id": 1556705264}}, {"type": "Feature", "geometry": {"type": "Point", "coordinates": [-76.4828729, 3.9382868]}, "properties": {"building": "yes", "damage:date": "2026-08-10", "damage:event": "2026ColombiaEarthquake-Palmar", "damage:event:wikidata": "Q140984463", "damage:type": "earthquake", "osm_type": "way", "osm_id": 1556705265}}, {"type": "Feature", "geometry": {"type": "Point", "coordinates": [-76.4827536, 3.9383322]}, "properties": {"building": "yes", "damage:date": "2026-08-10", "damage:event": "2026ColombiaEarthquake-Palmar", "damage:event:wikidata": "Q140984463", "damage:type": "earthquake", "osm_type": "way", "osm_id": 1556705266}}, {"type": "Feature", "geometry": {"type": "Point", "coordinates": [-76.4870682, 3.933979]}, "properties": {"building": "house", "damage:date": "2026-08-10", "damage:event": "2026ColombiaEarthquake-Palmar", "damage:event:wikidata": "Q140984463", "damage:type": "earthquake", "osm_type": "way", "osm_id": 1556730710}}, {"type": "Feature", "geometry": {"type": "Point", "coordinates": [-76.4871276, 3.9340637]}, "properties": {"building": "yes", "damage:date": "2026-08-10", "damage:event": "2026ColombiaEarthquake-Palmar", "damage:event:wikidata": "Q140984463", "damage:type": "earthquake", "osm_type": "way", "osm_id": 1556730711}}, {"type": "Feature", "geometry": {"type": "Point", "coordinates": [-76.4869149, 3.9339045]}, "properties": {"building": "house", "damage:date": "2026-08-10", "damage:event": "2026ColombiaEarthquake-Palmar", "damage:event:wikidata": "Q140984463", "damage:type": "earthquake", "osm_type": "way", "osm_id": 1556730712}}, {"type": "Feature", "geometry": {"type": "Point", "coordinates": [-76.4868873, 3.9340635]}, "properties": {"building": "house", "damage:date": "2026-08-10", "damage:event": "2026ColombiaEarthquake-Palmar", "damage:event:wikidata": "Q140984463", "damage:type": "earthquake", "osm_type": "way", "osm_id": 1556730713}}, {"type": "Feature", "geometry": {"type": "Point", "coordinates": [-76.4868407, 3.9341198]}, "properties": {"building": "house", "damage:date": "2026-08-10", "damage:event": "2026ColombiaEarthquake-Palmar", "damage:event:wikidata": "Q140984463", "damage:type": "earthquake", "osm_type": "way", "osm_id": 1556730714}}, {"type": "Feature", "geometry": {"type": "Point", "coordinates": [-76.4872134, 3.933882]}, "properties": {"building": "yes", "damage:date": "2026-08-10", "damage:event": "2026ColombiaEarthquake-Palmar", "damage:event:wikidata": "Q140984463", "damage:type": "earthquake", "osm_type": "way", "osm_id": 1556730715}}, {"type": "Feature", "geometry": {"type": "Point", "coordinates": [-76.4873896, 3.9340379]}, "properties": {"building": "yes", "damage:date": "2026-08-10", "damage:event": "2026ColombiaEarthquake-Palmar", "damage:event:wikidata": "Q140984463", "damage:type": "earthquake", "osm_type": "way", "osm_id": 1556730717}}, {"type": "Feature", "geometry": {"type": "Point", "coordinates": [-76.4876331, 3.9340707]}, "properties": {"building": "yes", "damage:date": "2026-08-10", "damage:event": "2026ColombiaEarthquake-Palmar", "damage:event:wikidata": "Q140984463", "damage:type": "earthquake", "osm_type": "way", "osm_id": 1556730718}}, {"type": "Feature", "geometry": {"type": "Point", "coordinates": [-76.4879433, 3.9338605]}, "properties": {"building": "house", "damage:date": "2026-08-10", "damage:event": "2026ColombiaEarthquake-Palmar", "damage:event:wikidata": "Q140984463", "damage:type": "earthquake", "osm_type": "way", "osm_id": 1556730719}}, {"type": "Feature", "geometry": {"type": "Point", "coordinates": [-76.4875598, 3.9337391]}, "properties": {"building": "yes", "damage:date": "2026-08-10", "damage:event": "2026ColombiaEarthquake-Palmar", "damage:event:wikidata": "Q140984463", "damage:type": "earthquake", "osm_type": "way", "osm_id": 1556733369}}, {"type": "Feature", "geometry": {"type": "Point", "coordinates": [-76.4875897, 3.9336819]}, "properties": {"building": "yes", "damage:date": "2026-08-10", "damage:event": "2026ColombiaEarthquake-Palmar", "damage:event:wikidata": "Q140984463", "damage:type": "earthquake", "osm_type": "way", "osm_id": 1556733370}}, {"type": "Feature", "geometry": {"type": "Point", "coordinates": [-76.4876311, 3.933607]}, "properties": {"building": "yes", "damage:date": "2026-08-10", "damage:event": "2026ColombiaEarthquake-Palmar", "damage:event:wikidata": "Q140984463", "damage:type": "earthquake", "osm_type": "way", "osm_id": 1556733371}}, {"type": "Feature", "geometry": {"type": "Point", "coordinates": [-76.4876895, 3.9334661]}, "properties": {"building": "yes", "damage:date": "2026-08-10", "damage:event": "2026ColombiaEarthquake-Palmar", "damage:event:wikidata": "Q140984463", "damage:type": "earthquake", "osm_type": "way", "osm_id": 1556733372}}, {"type": "Feature", "geometry": {"type": "Point", "coordinates": [-76.4880243, 3.9330948]}, "properties": {"building": "yes", "damage:date": "2026-08-10", "damage:event": "2026ColombiaEarthquake-Palmar", "damage:event:wikidata": "Q140984463", "damage:type": "earthquake", "osm_type": "way", "osm_id": 1556734366}}, {"type": "Feature", "geometry": {"type": "Point", "coordinates": [-76.4874861, 3.9328206]}, "properties": {"building": "yes", "damage:date": "2026-08-10", "damage:event": "2026ColombiaEarthquake-Palmar", "damage:event:wikidata": "Q140984463", "damage:type": "earthquake", "osm_type": "way", "osm_id": 1556734367}}, {"type": "Feature", "geometry": {"type": "Point", "coordinates": [-76.4876412, 3.9328104]}, "properties": {"building": "yes", "damage:date": "2026-08-10", "damage:event": "2026ColombiaEarthquake-Palmar", "damage:event:wikidata": "Q140984463", "damage:type": "earthquake", "osm_type": "way", "osm_id": 1556734368}}, {"type": "Feature", "geometry": {"type": "Point", "coordinates": [-76.4877919, 3.9327761]}, "properties": {"building": "yes", "damage:date": "2026-08-10", "damage:event": "2026ColombiaEarthquake-Palmar", "damage:event:wikidata": "Q140984463", "damage:type": "earthquake", "osm_type": "way", "osm_id": 1556734369}}, {"type": "Feature", "geometry": {"type": "Point", "coordinates": [-76.4872875, 3.9327078]}, "properties": {"building": "yes", "damage:date": "2026-08-10", "damage:event": "2026ColombiaEarthquake-Palmar", "damage:event:wikidata": "Q140984463", "damage:type": "earthquake", "osm_type": "way", "osm_id": 1556734580}}, {"type": "Feature", "geometry": {"type": "Point", "coordinates": [-76.4871718, 3.9335215]}, "properties": {"building": "yes", "damage:date": "2026-08-10", "damage:event": "2026ColombiaEarthquake-Palmar", "damage:event:wikidata": "Q140984463", "damage:type": "earthquake", "osm_type": "way", "osm_id": 1556735601}}, {"type": "Feature", "geometry": {"type": "Point", "coordinates": [-76.487433, 3.9333072]}, "properties": {"building": "yes", "damage:date": "2026-08-10", "damage:event": "2026ColombiaEarthquake-Palmar", "damage:event:wikidata": "Q140984463", "damage:type": "earthquake", "osm_type": "way", "osm_id": 1556735602}}, {"type": "Feature", "geometry": {"type": "Point", "coordinates": [-76.4872541, 3.9332454]}, "properties": {"building": "yes", "damage:date": "2026-08-10", "damage:event": "2026ColombiaEarthquake-Palmar", "damage:event:wikidata": "Q140984463", "damage:type": "earthquake", "osm_type": "way", "osm_id": 1556735724}}, {"type": "Feature", "geometry": {"type": "Point", "coordinates": [-76.4869822, 3.9334082]}, "properties": {"building": "yes", "damage:date": "2026-08-10", "damage:event": "2026ColombiaEarthquake-Palmar", "damage:event:wikidata": "Q140984463", "damage:type": "earthquake", "osm_type": "way", "osm_id": 1556737655}}, {"type": "Feature", "geometry": {"type": "Point", "coordinates": [-76.4870606, 3.9332101]}, "properties": {"building": "yes", "damage:date": "2026-08-10", "damage:event": "2026ColombiaEarthquake-Palmar", "damage:event:wikidata": "Q140984463", "damage:type": "earthquake", "osm_type": "way", "osm_id": 1556737656}}, {"type": "Feature", "geometry": {"type": "Point", "coordinates": [-76.4870859, 3.9331379]}, "properties": {"building": "yes", "damage:date": "2026-08-10", "damage:event": "2026ColombiaEarthquake-Palmar", "damage:event:wikidata": "Q140984463", "damage:type": "earthquake", "osm_type": "way", "osm_id": 1556737657}}, {"type": "Feature", "geometry": {"type": "Point", "coordinates": [-76.4871232, 3.9330735]}, "properties": {"building": "yes", "damage:date": "2026-08-10", "damage:event": "2026ColombiaEarthquake-Palmar", "damage:event:wikidata": "Q140984463", "damage:type": "earthquake", "osm_type": "way", "osm_id": 1556737658}}, {"type": "Feature", "geometry": {"type": "Point", "coordinates": [-76.4867728, 3.9334169]}, "properties": {"building": "yes", "damage:date": "2026-08-10", "damage:event": "2026ColombiaEarthquake-Palmar", "damage:event:wikidata": "Q140984463", "damage:type": "earthquake", "osm_type": "way", "osm_id": 1556737659}}, {"type": "Feature", "geometry": {"type": "Point", "coordinates": [-76.4868079, 3.9333416]}, "properties": {"building": "yes", "damage:date": "2026-08-10", "damage:event": "2026ColombiaEarthquake-Palmar", "damage:event:wikidata": "Q140984463", "damage:type": "earthquake", "osm_type": "way", "osm_id": 1556737660}}, {"type": "Feature", "geometry": {"type": "Point", "coordinates": [-76.4868413, 3.9332748]}, "properties": {"building": "yes", "damage:date": "2026-08-10", "damage:event": "2026ColombiaEarthquake-Palmar", "damage:event:wikidata": "Q140984463", "damage:type": "earthquake", "osm_type": "way", "osm_id": 1556737661}}, {"type": "Feature", "geometry": {"type": "Point", "coordinates": [-76.4868542, 3.933201]}, "properties": {"building": "yes", "damage:date": "2026-08-10", "damage:event": "2026ColombiaEarthquake-Palmar", "damage:event:wikidata": "Q140984463", "damage:type": "earthquake", "osm_type": "way", "osm_id": 1556737662}}, {"type": "Feature", "geometry": {"type": "Point", "coordinates": [-76.4868984, 3.9331319]}, "properties": {"building": "yes", "damage:date": "2026-08-10", "damage:event": "2026ColombiaEarthquake-Palmar", "damage:event:wikidata": "Q140984463", "damage:type": "earthquake", "osm_type": "way", "osm_id": 1556737663}}, {"type": "Feature", "geometry": {"type": "Point", "coordinates": [-76.4869377, 3.9330667]}, "properties": {"building": "yes", "damage:date": "2026-08-10", "damage:event": "2026ColombiaEarthquake-Palmar", "damage:event:wikidata": "Q140984463", "damage:type": "earthquake", "osm_type": "way", "osm_id": 1556737664}}, {"type": "Feature", "geometry": {"type": "Point", "coordinates": [-76.4830794, 3.93326]}, "properties": {"building": "yes", "damage:date": "2026-08-10", "damage:event": "2026ColombiaEarthquake-Palmar", "damage:event:wikidata": "Q140984463", "damage:type": "earthquake", "osm_type": "way", "osm_id": 1556760039}}, {"type": "Feature", "geometry": {"type": "Point", "coordinates": [-76.4831619, 3.9337665]}, "properties": {"building": "maison_mitoyennemaison_jumelée", "damage:date": "2026-08-10", "damage:event": "2026ColombiaEarthquake-Palmar", "damage:event:wikidata": "Q140984463", "damage:type": "earthquake", "osm_type": "way", "osm_id": 1556760063}}, {"type": "Feature", "geometry": {"type": "Point", "coordinates": [-76.4821629, 3.9353932]}, "properties": {"addr:street": "Carrera 6", "building": "yes", "damage:date": "2026-08-10", "damage:event": "2026ColombiaEarthquake-Palmar", "damage:event:wikidata": "Q140984463", "damage:type": "earthquake", "osm_type": "way", "osm_id": 1556763349}}, {"type": "Feature", "geometry": {"type": "Point", "coordinates": [-76.4820091, 3.9354392]}, "properties": {"addr:street": "Carrera 6", "building": "yes", "damage:date": "2026-08-10", "damage:event": "2026ColombiaEarthquake-Palmar", "damage:event:wikidata": "Q140984463", "damage:type": "earthquake", "osm_type": "way", "osm_id": 1556763350}}, {"type": "Feature", "geometry": {"type": "Point", "coordinates": [-76.4824346, 3.9355502]}, "properties": {"addr:street": "Carrera 6", "building": "yes", "damage:date": "2026-08-10", "damage:event": "2026ColombiaEarthquake-Palmar", "damage:event:wikidata": "Q140984463", "damage:type": "earthquake", "osm_type": "way", "osm_id": 1556763351}}, {"type": "Feature", "geometry": {"type": "Point", "coordinates": [-76.4826174, 3.9353606]}, "properties": {"addr:street": "Carrera 7", "building": "yes", "damage:date": "2026-08-10", "damage:event": "2026ColombiaEarthquake-Palmar", "damage:event:wikidata": "Q140984463", "damage:type": "earthquake", "osm_type": "way", "osm_id": 1556763352}}, {"type": "Feature", "geometry": {"type": "Point", "coordinates": [-76.4825949, 3.9354311]}, "properties": {"addr:street": "Carrera 7", "building": "yes", "damage:date": "2026-08-10", "damage:event": "2026ColombiaEarthquake-Palmar", "damage:event:wikidata": "Q140984463", "damage:type": "earthquake", "osm_type": "way", "osm_id": 1556763353}}, {"type": "Feature", "geometry": {"type": "Point", "coordinates": [-76.4825833, 3.9355003]}, "properties": {"addr:street": "Carrera 7", "building": "yes", "damage:date": "2026-08-10", "damage:event": "2026ColombiaEarthquake-Palmar", "damage:event:wikidata": "Q140984463", "damage:type": "earthquake", "osm_type": "way", "osm_id": 1556763354}}, {"type": "Feature", "geometry": {"type": "Point", "coordinates": [-76.4825072, 3.9352277]}, "properties": {"addr:street": "Carrera 6", "building": "yes", "damage:date": "2026-08-10", "damage:event": "2026ColombiaEarthquake-Palmar", "damage:event:wikidata": "Q140984463", "damage:type": "earthquake", "osm_type": "way", "osm_id": 1556763355}}, {"type": "Feature", "geometry": {"type": "Point", "coordinates": [-76.4826218, 3.9351295]}, "properties": {"building": "yes", "damage:date": "2026-08-10", "damage:event": "2026ColombiaEarthquake-Palmar", "damage:event:wikidata": "Q140984463", "damage:type": "earthquake", "osm_type": "way", "osm_id": 1556763356}}, {"type": "Feature", "geometry": {"type": "Point", "coordinates": [-76.4824426, 3.9350558]}, "properties": {"building": "yes", "damage:date": "2026-08-10", "damage:event": "2026ColombiaEarthquake-Palmar", "damage:event:wikidata": "Q140984463", "damage:type": "earthquake", "osm_type": "way", "osm_id": 1556763357}}, {"type": "Feature", "geometry": {"type": "Point", "coordinates": [-76.4823989, 3.9346847]}, "properties": {"building": "yes", "damage:date": "2026-08-10", "damage:event": "2026ColombiaEarthquake-Palmar", "damage:event:wikidata": "Q140984463", "damage:type": "earthquake", "osm_type": "way", "osm_id": 1556763358}}, {"type": "Feature", "geometry": {"type": "Point", "coordinates": [-76.482674, 3.9348352]}, "properties": {"building": "yes", "damage:date": "2026-08-10", "damage:event": "2026ColombiaEarthquake-Palmar", "damage:event:wikidata": "Q140984463", "damage:type": "earthquake", "osm_type": "way", "osm_id": 1556763359}}, {"type": "Feature", "geometry": {"type": "Point", "coordinates": [-76.4825924, 3.9347875]}, "properties": {"building": "yes", "damage:date": "2026-08-10", "damage:event": "2026ColombiaEarthquake-Palmar", "damage:event:wikidata": "Q140984463", "damage:type": "earthquake", "osm_type": "way", "osm_id": 1556763360}}, {"type": "Feature", "geometry": {"type": "Point", "coordinates": [-76.4825213, 3.9347481]}, "properties": {"building": "yes", "damage:date": "2026-08-10", "damage:event": "2026ColombiaEarthquake-Palmar", "damage:event:wikidata": "Q140984463", "damage:type": "earthquake", "osm_type": "way", "osm_id": 1556763361}}, {"type": "Feature", "geometry": {"type": "Point", "coordinates": [-76.4824713, 3.9347215]}, "properties": {"building": "yes", "damage:date": "2026-08-10", "damage:event": "2026ColombiaEarthquake-Palmar", "damage:event:wikidata": "Q140984463", "damage:type": "earthquake", "osm_type": "way", "osm_id": 1556763362}}, {"type": "Feature", "geometry": {"type": "Point", "coordinates": [-76.4816136, 3.9354674]}, "properties": {"building": "yes", "damage:date": "2026-08-10", "damage:event": "2026ColombiaEarthquake-Palmar", "damage:event:wikidata": "Q140984463", "damage:type": "earthquake", "osm_type": "way", "osm_id": 1556763363}}, {"type": "Feature", "geometry": {"type": "Point", "coordinates": [-76.4815695, 3.9353615]}, "properties": {"building": "yes", "damage:date": "2026-08-10", "damage:event": "2026ColombiaEarthquake-Palmar", "damage:event:wikidata": "Q140984463", "damage:type": "earthquake", "osm_type": "way", "osm_id": 1556763364}}, {"type": "Feature", "geometry": {"type": "Point", "coordinates": [-76.4816133, 3.9352885]}, "properties": {"building": "house", "damage:date": "2026-08-10", "damage:event": "2026ColombiaEarthquake-Palmar", "damage:event:wikidata": "Q140984463", "damage:type": "earthquake", "osm_type": "way", "osm_id": 1556763365}}, {"type": "Feature", "geometry": {"type": "Point", "coordinates": [-76.4817614, 3.9352817]}, "properties": {"building": "house", "damage:date": "2026-08-10", "damage:event": "2026ColombiaEarthquake-Palmar", "damage:event:wikidata": "Q140984463", "damage:type": "earthquake", "osm_type": "way", "osm_id": 1556763366}}, {"type": "Feature", "geometry": {"type": "Point", "coordinates": [-76.481701, 3.9353733]}, "properties": {"building": "yes", "damage:date": "2026-08-10", "damage:event": "2026ColombiaEarthquake-Palmar", "damage:event:wikidata": "Q140984463", "damage:type": "earthquake", "osm_type": "way", "osm_id": 1556763367}}, {"type": "Feature", "geometry": {"type": "Point", "coordinates": [-76.4825073, 3.9345582]}, "properties": {"building": "yes", "damage:date": "2026-08-10", "damage:event": "2026ColombiaEarthquake-Palmar", "damage:event:wikidata": "Q140984463", "damage:type": "earthquake", "osm_type": "way", "osm_id": 1556765666}}, {"type": "Feature", "geometry": {"type": "Point", "coordinates": [-76.4825364, 3.9343855]}, "properties": {"building": "yes", "damage:date": "2026-08-10", "damage:event": "2026ColombiaEarthquake-Palmar", "damage:event:wikidata": "Q140984463", "damage:type": "earthquake", "osm_type": "way", "osm_id": 1556765667}}, {"type": "Feature", "geometry": {"type": "Point", "coordinates": [-76.4826115, 3.9342609]}, "properties": {"building": "yes", "damage:date": "2026-08-10", "damage:event": "2026ColombiaEarthquake-Palmar", "damage:event:wikidata": "Q140984463", "damage:type": "earthquake", "osm_type": "way", "osm_id": 1556765668}}, {"type": "Feature", "geometry": {"type": "Point", "coordinates": [-76.4827214, 3.9342816]}, "properties": {"building": "yes", "damage:date": "2026-08-10", "damage:event": "2026ColombiaEarthquake-Palmar", "damage:event:wikidata": "Q140984463", "damage:type": "earthquake", "osm_type": "way", "osm_id": 1556765669}}, {"type": "Feature", "geometry": {"type": "Point", "coordinates": [-76.4813997, 3.935066]}, "properties": {"building": "house", "damage:date": "2026-08-10", "damage:event": "2026ColombiaEarthquake-Palmar", "damage:event:wikidata": "Q140984463", "damage:type": "earthquake", "osm_type": "way", "osm_id": 1556765670}}, {"type": "Feature", "geometry": {"type": "Point", "coordinates": [-76.4812974, 3.9349364]}, "properties": {"building": "house", "damage:date": "2026-08-10", "damage:event": "2026ColombiaEarthquake-Palmar", "damage:event:wikidata": "Q140984463", "damage:type": "earthquake", "osm_type": "way", "osm_id": 1556765671}}, {"type": "Feature", "geometry": {"type": "Point", "coordinates": [-76.4813056, 3.9345066]}, "properties": {"building": "house", "damage:date": "2026-08-10", "damage:event": "2026ColombiaEarthquake-Palmar", "damage:event:wikidata": "Q140984463", "damage:type": "earthquake", "osm_type": "way", "osm_id": 1556765672}}, {"type": "Feature", "geometry": {"type": "Point", "coordinates": [-76.4813871, 3.934673]}, "properties": {"building": "yes", "damage:date": "2026-08-10", "damage:event": "2026ColombiaEarthquake-Palmar", "damage:event:wikidata": "Q140984463", "damage:type": "earthquake", "osm_type": "way", "osm_id": 1556765673}}, {"type": "Feature", "geometry": {"type": "Point", "coordinates": [-76.4814023, 3.9345962]}, "properties": {"building": "yes", "damage:date": "2026-08-10", "damage:event": "2026ColombiaEarthquake-Palmar", "damage:event:wikidata": "Q140984463", "damage:type": "earthquake", "osm_type": "way", "osm_id": 1556765674}}, {"type": "Feature", "geometry": {"type": "Point", "coordinates": [-76.4814648, 3.9347811]}, "properties": {"building": "yes", "damage:date": "2026-08-10", "damage:event": "2026ColombiaEarthquake-Palmar", "damage:event:wikidata": "Q140984463", "damage:type": "earthquake", "osm_type": "way", "osm_id": 1556765675}}, {"type": "Feature", "geometry": {"type": "Point", "coordinates": [-76.4814735, 3.9349243]}, "properties": {"building": "yes", "damage:date": "2026-08-10", "damage:event": "2026ColombiaEarthquake-Palmar", "damage:event:wikidata": "Q140984463", "damage:type": "earthquake", "osm_type": "way", "osm_id": 1556765676}}, {"type": "Feature", "geometry": {"type": "Point", "coordinates": [-76.4815429, 3.9351313]}, "properties": {"building": "yes", "damage:date": "2026-08-10", "damage:event": "2026ColombiaEarthquake-Palmar", "damage:event:wikidata": "Q140984463", "damage:type": "earthquake", "osm_type": "way", "osm_id": 1556765677}}, {"type": "Feature", "geometry": {"type": "Point", "coordinates": [-76.4816416, 3.9350653]}, "properties": {"building": "house", "damage:date": "2026-08-10", "damage:event": "2026ColombiaEarthquake-Palmar", "damage:event:wikidata": "Q140984463", "damage:type": "earthquake", "osm_type": "way", "osm_id": 1556765678}}, {"type": "Feature", "geometry": {"type": "Point", "coordinates": [-76.4815749, 3.9349438]}, "properties": {"building": "house", "damage:date": "2026-08-10", "damage:event": "2026ColombiaEarthquake-Palmar", "damage:event:wikidata": "Q140984463", "damage:type": "earthquake", "osm_type": "way", "osm_id": 1556765679}}, {"type": "Feature", "geometry": {"type": "Point", "coordinates": [-76.4815693, 3.9348361]}, "properties": {"building": "yes", "damage:date": "2026-08-10", "damage:event": "2026ColombiaEarthquake-Palmar", "damage:event:wikidata": "Q140984463", "damage:type": "earthquake", "osm_type": "way", "osm_id": 1556765680}}, {"type": "Feature", "geometry": {"type": "Point", "coordinates": [-76.4817273, 3.9351453]}, "properties": {"building": "house", "damage:date": "2026-08-10", "damage:event": "2026ColombiaEarthquake-Palmar", "damage:event:wikidata": "Q140984463", "damage:type": "earthquake", "osm_type": "way", "osm_id": 1556765897}}, {"type": "Feature", "geometry": {"type": "Point", "coordinates": [-76.4818791, 3.9352234]}, "properties": {"building": "yes", "damage:date": "2026-08-10", "damage:event": "2026ColombiaEarthquake-Palmar", "damage:event:wikidata": "Q140984463", "damage:type": "earthquake", "osm_type": "way", "osm_id": 1556768005}}, {"type": "Feature", "geometry": {"type": "Point", "coordinates": [-76.4818461, 3.9351737]}, "properties": {"building": "yes", "damage:date": "2026-08-10", "damage:event": "2026ColombiaEarthquake-Palmar", "damage:event:wikidata": "Q140984463", "damage:type": "earthquake", "osm_type": "way", "osm_id": 1556768006}}, {"type": "Feature", "geometry": {"type": "Point", "coordinates": [-76.4818188, 3.9351216]}, "properties": {"building": "yes", "damage:date": "2026-08-10", "damage:event": "2026ColombiaEarthquake-Palmar", "damage:event:wikidata": "Q140984463", "damage:type": "earthquake", "osm_type": "way", "osm_id": 1556768007}}, {"type": "Feature", "geometry": {"type": "Point", "coordinates": [-76.481785, 3.935071]}, "properties": {"building": "yes", "damage:date": "2026-08-10", "damage:event": "2026ColombiaEarthquake-Palmar", "damage:event:wikidata": "Q140984463", "damage:type": "earthquake", "osm_type": "way", "osm_id": 1556768008}}, {"type": "Feature", "geometry": {"type": "Point", "coordinates": [-76.4817551, 3.9350202]}, "properties": {"building": "yes", "damage:date": "2026-08-10", "damage:event": "2026ColombiaEarthquake-Palmar", "damage:event:wikidata": "Q140984463", "damage:type": "earthquake", "osm_type": "way", "osm_id": 1556768009}}, {"type": "Feature", "geometry": {"type": "Point", "coordinates": [-76.481728, 3.9349685]}, "properties": {"building": "yes", "damage:date": "2026-08-10", "damage:event": "2026ColombiaEarthquake-Palmar", "damage:event:wikidata": "Q140984463", "damage:type": "earthquake", "osm_type": "way", "osm_id": 1556768010}}, {"type": "Feature", "geometry": {"type": "Point", "coordinates": [-76.4816957, 3.9349239]}, "properties": {"building": "yes", "damage:date": "2026-08-10", "damage:event": "2026ColombiaEarthquake-Palmar", "damage:event:wikidata": "Q140984463", "damage:type": "earthquake", "osm_type": "way", "osm_id": 1556768011}}, {"type": "Feature", "geometry": {"type": "Point", "coordinates": [-76.4816663, 3.9348686]}, "properties": {"building": "yes", "damage:date": "2026-08-10", "damage:event": "2026ColombiaEarthquake-Palmar", "damage:event:wikidata": "Q140984463", "damage:type": "earthquake", "osm_type": "way", "osm_id": 1556768012}}, {"type": "Feature", "geometry": {"type": "Point", "coordinates": [-76.4816239, 3.9347913]}, "properties": {"building": "yes", "damage:date": "2026-08-10", "damage:event": "2026ColombiaEarthquake-Palmar", "damage:event:wikidata": "Q140984463", "damage:type": "earthquake", "osm_type": "way", "osm_id": 1556768013}}, {"type": "Feature", "geometry": {"type": "Point", "coordinates": [-76.4815795, 3.9347158]}, "properties": {"building": "yes", "damage:date": "2026-08-10", "damage:event": "2026ColombiaEarthquake-Palmar", "damage:event:wikidata": "Q140984463", "damage:type": "earthquake", "osm_type": "way", "osm_id": 1556768014}}, {"type": "Feature", "geometry": {"type": "Point", "coordinates": [-76.4815544, 3.9346667]}, "properties": {"building": "yes", "damage:date": "2026-08-10", "damage:event": "2026ColombiaEarthquake-Palmar", "damage:event:wikidata": "Q140984463", "damage:type": "earthquake", "osm_type": "way", "osm_id": 1556768015}}, {"type": "Feature", "geometry": {"type": "Point", "coordinates": [-76.4815221, 3.9346149]}, "properties": {"building": "yes", "damage:date": "2026-08-10", "damage:event": "2026ColombiaEarthquake-Palmar", "damage:event:wikidata": "Q140984463", "damage:type": "earthquake", "osm_type": "way", "osm_id": 1556768016}}, {"type": "Feature", "geometry": {"type": "Point", "coordinates": [-76.4814911, 3.9345634]}, "properties": {"building": "yes", "damage:date": "2026-08-10", "damage:event": "2026ColombiaEarthquake-Palmar", "damage:event:wikidata": "Q140984463", "damage:type": "earthquake", "osm_type": "way", "osm_id": 1556769444}}, {"type": "Feature", "geometry": {"type": "Point", "coordinates": [-76.4814613, 3.9345106]}, "properties": {"building": "yes", "damage:date": "2026-08-10", "damage:event": "2026ColombiaEarthquake-Palmar", "damage:event:wikidata": "Q140984463", "damage:type": "earthquake", "osm_type": "way", "osm_id": 1556769445}}, {"type": "Feature", "geometry": {"type": "Point", "coordinates": [-76.481399, 3.9344158]}, "properties": {"building": "yes", "damage:date": "2026-08-10", "damage:event": "2026ColombiaEarthquake-Palmar", "damage:event:wikidata": "Q140984463", "damage:type": "earthquake", "osm_type": "way", "osm_id": 1556769446}}, {"type": "Feature", "geometry": {"type": "Point", "coordinates": [-76.4813448, 3.9343131]}, "properties": {"building": "yes", "damage:date": "2026-08-10", "damage:event": "2026ColombiaEarthquake-Palmar", "damage:event:wikidata": "Q140984463", "damage:type": "earthquake", "osm_type": "way", "osm_id": 1556769447}}, {"type": "Feature", "geometry": {"type": "Point", "coordinates": [-76.4813115, 3.934262]}, "properties": {"building": "yes", "damage:date": "2026-08-10", "damage:event": "2026ColombiaEarthquake-Palmar", "damage:event:wikidata": "Q140984463", "damage:type": "earthquake", "osm_type": "way", "osm_id": 1556769448}}, {"type": "Feature", "geometry": {"type": "Point", "coordinates": [-76.4812831, 3.9342117]}, "properties": {"building": "yes", "damage:date": "2026-08-10", "damage:event": "2026ColombiaEarthquake-Palmar", "damage:event:wikidata": "Q140984463", "damage:type": "earthquake", "osm_type": "way", "osm_id": 1556769449}}, {"type": "Feature", "geometry": {"type": "Point", "coordinates": [-76.4892852, 3.9262717]}, "properties": {"building": "yes", "damage:date": "2026-08-10", "damage:event": "2026ColombiaEarthquake-Palmar", "damage:event:wikidata": "Q140984463", "damage:type": "earthquake", "osm_type": "way", "osm_id": 1556803405}}, {"type": "Feature", "geometry": {"type": "Point", "coordinates": [-76.4829041, 3.9349598]}, "properties": {"building": "yes", "damage:date": "2026-08-10", "damage:event": "2026ColombiaEarthquake-Palmar", "damage:event:wikidata": "Q140984463", "damage:type": "earthquake", "osm_type": "way", "osm_id": 1557198224}}, {"type": "Feature", "geometry": {"type": "Point", "coordinates": [-76.4908771, 3.9330536]}, "properties": {"damage:date": "2026-08-10", "damage:event": "2026ColombiaEarthquake-Palmar", "damage:event:wikidata": "Q140984463", "damage:type": "earthquake", "destroyed:building": "yes", "osm_type": "way", "osm_id": 1557201993}}, {"type": "Feature", "geometry": {"type": "Point", "coordinates": [-76.490106, 3.9340217]}, "properties": {"damage:date": "2026-08-10", "damage:event": "2026ColombiaEarthquake-Palmar", "damage:event:wikidata": "Q140984463", "damage:type": "earthquake", "destroyed:building": "yes", "osm_type": "way", "osm_id": 1557203338}}, {"type": "Feature", "geometry": {"type": "Point", "coordinates": [-76.4860718, 3.9334812]}, "properties": {"building": "yes", "damage:date": "2026-08-10", "damage:event": "2026ColombiaEarthquake-Palmar", "damage:event:wikidata": "Q140984463", "damage:type": "earthquake", "osm_type": "way", "osm_id": 1557210906}}, {"type": "Feature", "geometry": {"type": "Point", "coordinates": [-76.4859005, 3.9327831]}, "properties": {"building": "yes", "damage:date": "2026-08-10", "damage:event": "2026ColombiaEarthquake-Palmar", "damage:event:wikidata": "Q140984463", "damage:type": "earthquake", "osm_type": "way", "osm_id": 1557211889}}, {"type": "Feature", "geometry": {"type": "Point", "coordinates": [-76.486393, 3.9328496]}, "properties": {"building": "yes", "damage:date": "2026-08-10", "damage:event": "2026ColombiaEarthquake-Palmar", "damage:event:wikidata": "Q140984463", "damage:type": "earthquake", "osm_type": "way", "osm_id": 1557211890}}, {"type": "Feature", "geometry": {"type": "Point", "coordinates": [-76.4863624, 3.9327745]}, "properties": {"building": "yes", "damage:date": "2026-08-10", "damage:event": "2026ColombiaEarthquake-Palmar", "damage:event:wikidata": "Q140984463", "damage:type": "earthquake", "osm_type": "way", "osm_id": 1557211891}}, {"type": "Feature", "geometry": {"type": "Point", "coordinates": [-76.486318, 3.9327633]}, "properties": {"building": "yes", "damage:date": "2026-08-10", "damage:event": "2026ColombiaEarthquake-Palmar", "damage:event:wikidata": "Q140984463", "damage:type": "earthquake", "osm_type": "way", "osm_id": 1557211892}}, {"type": "Feature", "geometry": {"type": "Point", "coordinates": [-76.4862293, 3.9329691]}, "properties": {"building": "yes", "damage:date": "2026-08-10", "damage:event": "2026ColombiaEarthquake-Palmar", "damage:event:wikidata": "Q140984463", "damage:type": "earthquake", "osm_type": "way", "osm_id": 1557211893}}, {"type": "Feature", "geometry": {"type": "Point", "coordinates": [-76.4867312, 3.9334864]}, "properties": {"building": "yes", "damage:date": "2026-08-10", "damage:event": "2026ColombiaEarthquake-Palmar", "damage:event:wikidata": "Q140984463", "damage:type": "earthquake", "osm_type": "way", "osm_id": 1557212512}}, {"type": "Feature", "geometry": {"type": "Point", "coordinates": [-76.4859259, 3.9334986]}, "properties": {"building": "yes", "damage:date": "2026-08-10", "damage:event": "2026ColombiaEarthquake-Palmar", "damage:event:wikidata": "Q140984463", "damage:type": "earthquake", "osm_type": "way", "osm_id": 1557212675}}, {"type": "Feature", "geometry": {"type": "Point", "coordinates": [-76.4858256, 3.9335508]}, "properties": {"building": "yes", "damage:date": "2026-08-10", "damage:event": "2026ColombiaEarthquake-Palmar", "damage:event:wikidata": "Q140984463", "damage:type": "earthquake", "osm_type": "way", "osm_id": 1557212676}}, {"type": "Feature", "geometry": {"type": "Point", "coordinates": [-76.4866701, 3.9327567]}, "properties": {"building": "yes", "damage:date": "2026-08-10", "damage:event": "2026ColombiaEarthquake-Palmar", "damage:event:wikidata": "Q140984463", "damage:type": "earthquake", "osm_type": "way", "osm_id": 1557214473}}, {"type": "Feature", "geometry": {"type": "Point", "coordinates": [-76.4866641, 3.9328327]}, "properties": {"building": "yes", "damage:date": "2026-08-10", "damage:event": "2026ColombiaEarthquake-Palmar", "damage:event:wikidata": "Q140984463", "damage:type": "earthquake", "osm_type": "way", "osm_id": 1557214474}}, {"type": "Feature", "geometry": {"type": "Point", "coordinates": [-76.4867504, 3.9327987]}, "properties": {"building": "yes", "damage:date": "2026-08-10", "damage:event": "2026ColombiaEarthquake-Palmar", "damage:event:wikidata": "Q140984463", "damage:type": "earthquake", "osm_type": "way", "osm_id": 1557214475}}, {"type": "Feature", "geometry": {"type": "Point", "coordinates": [-76.4866148, 3.9328553]}, "properties": {"building": "yes", "damage:date": "2026-08-10", "damage:event": "2026ColombiaEarthquake-Palmar", "damage:event:wikidata": "Q140984463", "damage:type": "earthquake", "osm_type": "way", "osm_id": 1557214476}}, {"type": "Feature", "geometry": {"type": "Point", "coordinates": [-76.4866093, 3.93291]}, "properties": {"building": "yes", "damage:date": "2026-08-10", "damage:event": "2026ColombiaEarthquake-Palmar", "damage:event:wikidata": "Q140984463", "damage:type": "earthquake", "osm_type": "way", "osm_id": 1557214477}}, {"type": "Feature", "geometry": {"type": "Point", "coordinates": [-76.4868374, 3.9328528]}, "properties": {"building": "yes", "damage:date": "2026-08-10", "damage:event": "2026ColombiaEarthquake-Palmar", "damage:event:wikidata": "Q140984463", "damage:type": "earthquake", "osm_type": "way", "osm_id": 1557214693}}, {"type": "Feature", "geometry": {"type": "Point", "coordinates": [-76.4868125, 3.9329096]}, "properties": {"building": "yes", "damage:date": "2026-08-10", "damage:event": "2026ColombiaEarthquake-Palmar", "damage:event:wikidata": "Q140984463", "damage:type": "earthquake", "osm_type": "way", "osm_id": 1557214694}}, {"type": "Feature", "geometry": {"type": "Point", "coordinates": [-76.4867759, 3.9329843]}, "properties": {"building": "yes", "damage:date": "2026-08-10", "damage:event": "2026ColombiaEarthquake-Palmar", "damage:event:wikidata": "Q140984463", "damage:type": "earthquake", "osm_type": "way", "osm_id": 1557214695}}, {"type": "Feature", "geometry": {"type": "Point", "coordinates": [-76.4866952, 3.9331111]}, "properties": {"building": "yes", "damage:date": "2026-08-10", "damage:event": "2026ColombiaEarthquake-Palmar", "damage:event:wikidata": "Q140984463", "damage:type": "earthquake", "osm_type": "way", "osm_id": 1557214973}}, {"type": "Feature", "geometry": {"type": "Point", "coordinates": [-76.4866818, 3.9331922]}, "properties": {"building": "yes", "damage:date": "2026-08-10", "damage:event": "2026ColombiaEarthquake-Palmar", "damage:event:wikidata": "Q140984463", "damage:type": "earthquake", "osm_type": "way", "osm_id": 1557214974}}, {"type": "Feature", "geometry": {"type": "Point", "coordinates": [-76.4865981, 3.9331528]}, "properties": {"building": "yes", "damage:date": "2026-08-10", "damage:event": "2026ColombiaEarthquake-Palmar", "damage:event:wikidata": "Q140984463", "damage:type": "earthquake", "osm_type": "way", "osm_id": 1557214975}}, {"type": "Feature", "geometry": {"type": "Point", "coordinates": [-76.4866219, 3.9332456]}, "properties": {"building": "yes", "damage:date": "2026-08-10", "damage:event": "2026ColombiaEarthquake-Palmar", "damage:event:wikidata": "Q140984463", "damage:type": "earthquake", "osm_type": "way", "osm_id": 1557214976}}, {"type": "Feature", "geometry": {"type": "Point", "coordinates": [-76.4865901, 3.933318]}, "properties": {"building": "yes", "damage:date": "2026-08-10", "damage:event": "2026ColombiaEarthquake-Palmar", "damage:event:wikidata": "Q140984463", "damage:type": "earthquake", "osm_type": "way", "osm_id": 1557215351}}, {"type": "Feature", "geometry": {"type": "Point", "coordinates": [-76.4865709, 3.9334031]}, "properties": {"building": "yes", "damage:date": "2026-08-10", "damage:event": "2026ColombiaEarthquake-Palmar", "damage:event:wikidata": "Q140984463", "damage:type": "earthquake", "osm_type": "way", "osm_id": 1557215352}}, {"type": "Feature", "geometry": {"type": "Point", "coordinates": [-76.4864829, 3.9333491]}, "properties": {"building": "yes", "damage:date": "2026-08-10", "damage:event": "2026ColombiaEarthquake-Palmar", "damage:event:wikidata": "Q140984463", "damage:type": "earthquake", "osm_type": "way", "osm_id": 1557215353}}, {"type": "Feature", "geometry": {"type": "Point", "coordinates": [-76.4864002, 3.9333018]}, "properties": {"building": "yes", "damage:date": "2026-08-10", "damage:event": "2026ColombiaEarthquake-Palmar", "damage:event:wikidata": "Q140984463", "damage:type": "earthquake", "osm_type": "way", "osm_id": 1557215546}}, {"type": "Feature", "geometry": {"type": "Point", "coordinates": [-76.48645, 3.9332405]}, "properties": {"building": "yes", "damage:date": "2026-08-10", "damage:event": "2026ColombiaEarthquake-Palmar", "damage:event:wikidata": "Q140984463", "damage:type": "earthquake", "osm_type": "way", "osm_id": 1557215547}}, {"type": "Feature", "geometry": {"type": "Point", "coordinates": [-76.4864798, 3.9331769]}, "properties": {"building": "yes", "damage:date": "2026-08-10", "damage:event": "2026ColombiaEarthquake-Palmar", "damage:event:wikidata": "Q140984463", "damage:type": "earthquake", "osm_type": "way", "osm_id": 1557215548}}, {"type": "Feature", "geometry": {"type": "Point", "coordinates": [-76.4865059, 3.9331014]}, "properties": {"building": "yes", "damage:date": "2026-08-10", "damage:event": "2026ColombiaEarthquake-Palmar", "damage:event:wikidata": "Q140984463", "damage:type": "earthquake", "osm_type": "way", "osm_id": 1557215549}}, {"type": "Feature", "geometry": {"type": "Point", "coordinates": [-76.4865576, 3.933029]}, "properties": {"building": "yes", "damage:date": "2026-08-10", "damage:event": "2026ColombiaEarthquake-Palmar", "damage:event:wikidata": "Q140984463", "damage:type": "earthquake", "osm_type": "way", "osm_id": 1557215570}}, {"type": "Feature", "geometry": {"type": "Point", "coordinates": [-76.4865869, 3.9329676]}, "properties": {"building": "yes", "damage:date": "2026-08-10", "damage:event": "2026ColombiaEarthquake-Palmar", "damage:event:wikidata": "Q140984463", "damage:type": "earthquake", "osm_type": "way", "osm_id": 1557215571}}, {"type": "Feature", "geometry": {"type": "Point", "coordinates": [-76.4865799, 3.9336236]}, "properties": {"building": "yes", "damage:date": "2026-08-10", "damage:event": "2026ColombiaEarthquake-Palmar", "damage:event:wikidata": "Q140984463", "damage:type": "earthquake", "osm_type": "way", "osm_id": 1557216131}}, {"type": "Feature", "geometry": {"type": "Point", "coordinates": [-76.4867168, 3.9336839]}, "properties": {"building": "yes", "damage:date": "2026-08-10", "damage:event": "2026ColombiaEarthquake-Palmar", "damage:event:wikidata": "Q140984463", "damage:type": "earthquake", "osm_type": "way", "osm_id": 1557216442}}, {"type": "Feature", "geometry": {"type": "Point", "coordinates": [-76.4868092, 3.9337492]}, "properties": {"building": "yes", "damage:date": "2026-08-10", "damage:event": "2026ColombiaEarthquake-Palmar", "damage:event:wikidata": "Q140984463", "damage:type": "earthquake", "osm_type": "way", "osm_id": 1557216443}}, {"type": "Feature", "geometry": {"type": "Point", "coordinates": [-76.4866775, 3.933786]}, "properties": {"building": "yes", "damage:date": "2026-08-10", "damage:event": "2026ColombiaEarthquake-Palmar", "damage:event:wikidata": "Q140984463", "damage:type": "earthquake", "osm_type": "way", "osm_id": 1557222419}}, {"type": "Feature", "geometry": {"type": "Point", "coordinates": [-76.486533, 3.9337978]}, "properties": {"building": "yes", "damage:date": "2026-08-10", "damage:event": "2026ColombiaEarthquake-Palmar", "damage:event:wikidata": "Q140984463", "damage:type": "earthquake", "osm_type": "way", "osm_id": 1557222420}}, {"type": "Feature", "geometry": {"type": "Point", "coordinates": [-76.4867074, 3.9339135]}, "properties": {"building": "yes", "damage:date": "2026-08-10", "damage:event": "2026ColombiaEarthquake-Palmar", "damage:event:wikidata": "Q140984463", "damage:type": "earthquake", "osm_type": "way", "osm_id": 1557222421}}, {"type": "Feature", "geometry": {"type": "Point", "coordinates": [-76.486714, 3.9339582]}, "properties": {"building": "yes", "damage:date": "2026-08-10", "damage:event": "2026ColombiaEarthquake-Palmar", "damage:event:wikidata": "Q140984463", "damage:type": "earthquake", "osm_type": "way", "osm_id": 1557222422}}, {"type": "Feature", "geometry": {"type": "Point", "coordinates": [-76.4866538, 3.9339778]}, "properties": {"building": "yes", "damage:date": "2026-08-10", "damage:event": "2026ColombiaEarthquake-Palmar", "damage:event:wikidata": "Q140984463", "damage:type": "earthquake", "osm_type": "way", "osm_id": 1557222423}}, {"type": "Feature", "geometry": {"type": "Point", "coordinates": [-76.4866418, 3.9340417]}, "properties": {"building": "yes", "damage:date": "2026-08-10", "damage:event": "2026ColombiaEarthquake-Palmar", "damage:event:wikidata": "Q140984463", "damage:type": "earthquake", "osm_type": "way", "osm_id": 1557222424}}, {"type": "Feature", "geometry": {"type": "Point", "coordinates": [-76.4866207, 3.9341212]}, "properties": {"building": "yes", "damage:date": "2026-08-10", "damage:event": "2026ColombiaEarthquake-Palmar", "damage:event:wikidata": "Q140984463", "damage:type": "earthquake", "osm_type": "way", "osm_id": 1557222425}}, {"type": "Feature", "geometry": {"type": "Point", "coordinates": [-76.4864877, 3.9341625]}, "properties": {"building": "yes", "damage:date": "2026-08-10", "damage:event": "2026ColombiaEarthquake-Palmar", "damage:event:wikidata": "Q140984463", "damage:type": "earthquake", "osm_type": "way", "osm_id": 1557222426}}, {"type": "Feature", "geometry": {"type": "Point", "coordinates": [-76.4864231, 3.9341333]}, "properties": {"building": "yes", "damage:date": "2026-08-10", "damage:event": "2026ColombiaEarthquake-Palmar", "damage:event:wikidata": "Q140984463", "damage:type": "earthquake", "osm_type": "way", "osm_id": 1557222427}}, {"type": "Feature", "geometry": {"type": "Point", "coordinates": [-76.4863157, 3.9340232]}, "properties": {"building": "yes", "damage:date": "2026-08-10", "damage:event": "2026ColombiaEarthquake-Palmar", "damage:event:wikidata": "Q140984463", "damage:type": "earthquake", "osm_type": "way", "osm_id": 1557223793}}, {"type": "Feature", "geometry": {"type": "Point", "coordinates": [-76.486221, 3.9339752]}, "properties": {"building": "yes", "damage:date": "2026-08-10", "damage:event": "2026ColombiaEarthquake-Palmar", "damage:event:wikidata": "Q140984463", "damage:type": "earthquake", "osm_type": "way", "osm_id": 1557223794}}, {"type": "Feature", "geometry": {"type": "Point", "coordinates": [-76.4862883, 3.9338901]}, "properties": {"building": "yes", "damage:date": "2026-08-10", "damage:event": "2026ColombiaEarthquake-Palmar", "damage:event:wikidata": "Q140984463", "damage:type": "earthquake", "osm_type": "way", "osm_id": 1557223795}}, {"type": "Feature", "geometry": {"type": "Point", "coordinates": [-76.4861704, 3.9338112]}, "properties": {"building": "yes", "damage:date": "2026-08-10", "damage:event": "2026ColombiaEarthquake-Palmar", "damage:event:wikidata": "Q140984463", "damage:type": "earthquake", "osm_type": "way", "osm_id": 1557223796}}, {"type": "Feature", "geometry": {"type": "Point", "coordinates": [-76.4862904, 3.9337023]}, "properties": {"building": "yes", "damage:date": "2026-08-10", "damage:event": "2026ColombiaEarthquake-Palmar", "damage:event:wikidata": "Q140984463", "damage:type": "earthquake", "osm_type": "way", "osm_id": 1557223797}}, {"type": "Feature", "geometry": {"type": "Point", "coordinates": [-76.4863175, 3.9336267]}, "properties": {"building": "yes", "damage:date": "2026-08-10", "damage:event": "2026ColombiaEarthquake-Palmar", "damage:event:wikidata": "Q140984463", "damage:type": "earthquake", "osm_type": "way", "osm_id": 1557223948}}, {"type": "Feature", "geometry": {"type": "Point", "coordinates": [-76.4864677, 3.9335577]}, "properties": {"building": "yes", "damage:date": "2026-08-10", "damage:event": "2026ColombiaEarthquake-Palmar", "damage:event:wikidata": "Q140984463", "damage:type": "earthquake", "osm_type": "way", "osm_id": 1557223949}}, {"type": "Feature", "geometry": {"type": "Point", "coordinates": [-76.4864146, 3.9334948]}, "properties": {"building": "yes", "damage:date": "2026-08-10", "damage:event": "2026ColombiaEarthquake-Palmar", "damage:event:wikidata": "Q140984463", "damage:type": "earthquake", "osm_type": "way", "osm_id": 1557223950}}, {"type": "Feature", "geometry": {"type": "Point", "coordinates": [-76.486283, 3.9335323]}, "properties": {"building": "yes", "damage:date": "2026-08-10", "damage:event": "2026ColombiaEarthquake-Palmar", "damage:event:wikidata": "Q140984463", "damage:type": "earthquake", "osm_type": "way", "osm_id": 1557224191}}, {"type": "Feature", "geometry": {"type": "Point", "coordinates": [-76.4863538, 3.93342]}, "properties": {"building": "yes", "damage:date": "2026-08-10", "damage:event": "2026ColombiaEarthquake-Palmar", "damage:event:wikidata": "Q140984463", "damage:type": "earthquake", "osm_type": "way", "osm_id": 1557224192}}, {"type": "Feature", "geometry": {"type": "Point", "coordinates": [-76.4863079, 3.9334677]}, "properties": {"building": "yes", "damage:date": "2026-08-10", "damage:event": "2026ColombiaEarthquake-Palmar", "damage:event:wikidata": "Q140984463", "damage:type": "earthquake", "osm_type": "way", "osm_id": 1557224193}}, {"type": "Feature", "geometry": {"type": "Point", "coordinates": [-76.4857088, 3.9335766]}, "properties": {"building": "yes", "damage:date": "2026-08-10", "damage:event": "2026ColombiaEarthquake-Palmar", "damage:event:wikidata": "Q140984463", "damage:type": "earthquake", "osm_type": "way", "osm_id": 1557224387}}, {"type": "Feature", "geometry": {"type": "Point", "coordinates": [-76.4855586, 3.9335694]}, "properties": {"building": "yes", "damage:date": "2026-08-10", "damage:event": "2026ColombiaEarthquake-Palmar", "damage:event:wikidata": "Q140984463", "damage:type": "earthquake", "osm_type": "way", "osm_id": 1557224388}}, {"type": "Feature", "geometry": {"type": "Point", "coordinates": [-76.4173371, 3.9682526]}, "properties": {"building": "yes", "damage:date": "2026-08-10", "damage:event": "2026ColombiaEarthquake-Palmar", "damage:event:wikidata": "Q140984463", "damage:type": "earthquake", "osm_type": "way", "osm_id": 1557299987}}, {"type": "Feature", "geometry": {"type": "Point", "coordinates": [-76.4166379, 3.9680103]}, "properties": {"building": "yes", "damage:date": "2026-08-10", "damage:event": "2026ColombiaEarthquake-Palmar", "damage:event:wikidata": "Q140984463", "damage:type": "earthquake", "osm_type": "way", "osm_id": 1557301171}}, {"type": "Feature", "geometry": {"type": "Point", "coordinates": [-76.4194953, 3.9681902]}, "properties": {"building": "yes", "damage:date": "2026-08-10", "damage:event": "2026ColombiaEarthquake-Palmar", "damage:event:wikidata": "Q140984463", "damage:type": "earthquake", "osm_type": "way", "osm_id": 1557301659}}, {"type": "Feature", "geometry": {"type": "Point", "coordinates": [-76.41453, 3.9667193]}, "properties": {"building": "yes", "damage:date": "2026-08-10", "damage:event": "2026ColombiaEarthquake-Palmar", "damage:event:wikidata": "Q140984463", "damage:type": "earthquake", "osm_type": "way", "osm_id": 1557303382}}, {"type": "Feature", "geometry": {"type": "Point", "coordinates": [-76.4145872, 3.967283]}, "properties": {"building": "yes", "damage:date": "2026-08-10", "damage:event": "2026ColombiaEarthquake-Palmar", "damage:event:wikidata": "Q140984463", "damage:type": "earthquake", "osm_type": "way", "osm_id": 1557303818}}, {"type": "Feature", "geometry": {"type": "Point", "coordinates": [-76.4157151, 3.9694686]}, "properties": {"building": "yes", "damage:date": "2026-08-10", "damage:event": "2026ColombiaEarthquake-Palmar", "damage:event:wikidata": "Q140984463", "damage:type": "earthquake", "osm_type": "way", "osm_id": 1557315984}}, {"type": "Feature", "geometry": {"type": "Point", "coordinates": [-76.489492, 3.9318494]}, "properties": {"building": "yes", "damage:date": "2026-08-10", "damage:event": "2026ColombiaEarthquake-Palmar", "damage:event:wikidata": "Q140984463", "damage:type": "earthquake", "osm_type": "way", "osm_id": 1557349357}}, {"type": "Feature", "geometry": {"type": "Point", "coordinates": [-76.1628477, 4.1993569]}, "properties": {"building": "yes", "damage:date": "2026-08-10", "damage:event": "2026ColombiaEarthquake-Palmar", "damage:event:wikidata": "Q140984463", "damage:type": "earthquake", "osm_type": "way", "osm_id": 1557413195}}, {"type": "Feature", "geometry": {"type": "Point", "coordinates": [-76.1629663, 4.1992475]}, "properties": {"building": "yes", "damage:date": "2026-08-10", "damage:event": "2026ColombiaEarthquake-Palmar", "damage:event:wikidata": "Q140984463", "damage:type": "earthquake", "osm_type": "way", "osm_id": 1557413196}}, {"type": "Feature", "geometry": {"type": "Point", "coordinates": [-76.1630618, 4.1993771]}, "properties": {"building": "yes", "damage:date": "2026-08-10", "damage:event": "2026ColombiaEarthquake-Palmar", "damage:event:wikidata": "Q140984463", "damage:type": "earthquake", "osm_type": "way", "osm_id": 1557413197}}, {"type": "Feature", "geometry": {"type": "Point", "coordinates": [-76.1633549, 4.1996075]}, "properties": {"building": "yes", "damage:date": "2026-08-10", "damage:event": "2026ColombiaEarthquake-Palmar", "damage:event:wikidata": "Q140984463", "damage:type": "earthquake", "osm_type": "way", "osm_id": 1557413200}}, {"type": "Feature", "geometry": {"type": "Point", "coordinates": [-76.1638589, 4.1994591]}, "properties": {"building": "yes", "damage:date": "2026-08-10", "damage:event": "2026ColombiaEarthquake-Palmar", "damage:event:wikidata": "Q140984463", "damage:type": "earthquake", "osm_type": "way", "osm_id": 1557413202}}, {"type": "Feature", "geometry": {"type": "Point", "coordinates": [-76.1638171, 4.1993351]}, "properties": {"building": "yes", "damage:date": "2026-08-10", "damage:event": "2026ColombiaEarthquake-Palmar", "damage:event:wikidata": "Q140984463", "damage:type": "earthquake", "osm_type": "way", "osm_id": 1557413203}}, {"type": "Feature", "geometry": {"type": "Point", "coordinates": [-76.1634068, 4.1990948]}, "properties": {"building": "yes", "damage:date": "2026-08-10", "damage:event": "2026ColombiaEarthquake-Palmar", "damage:event:wikidata": "Q140984463", "damage:type": "earthquake", "osm_type": "way", "osm_id": 1557413204}}, {"type": "Feature", "geometry": {"type": "Point", "coordinates": [-76.1633123, 4.1989685]}, "properties": {"building": "yes", "damage:date": "2026-08-10", "damage:event": "2026ColombiaEarthquake-Palmar", "damage:event:wikidata": "Q140984463", "damage:type": "earthquake", "destroyed:building": "yes", "osm_type": "way", "osm_id": 1557413205}}, {"type": "Feature", "geometry": {"type": "Point", "coordinates": [-76.1638813, 4.1987051]}, "properties": {"building": "yes", "damage:date": "2026-08-10", "damage:event": "2026ColombiaEarthquake-Palmar", "damage:event:wikidata": "Q140984463", "damage:type": "earthquake", "destroyed:building": "yes", "osm_type": "way", "osm_id": 1557413206}}, {"type": "Feature", "geometry": {"type": "Point", "coordinates": [-76.1640049, 4.1991564]}, "properties": {"building": "yes", "damage:date": "2026-08-10", "damage:event": "2026ColombiaEarthquake-Palmar", "damage:event:wikidata": "Q140984463", "damage:type": "earthquake", "destroyed:building": "yes", "osm_type": "way", "osm_id": 1557413207}}, {"type": "Feature", "geometry": {"type": "Point", "coordinates": [-76.1637958, 4.1990096]}, "properties": {"building": "yes", "damage:date": "2026-08-10", "damage:event": "2026ColombiaEarthquake-Palmar", "damage:event:wikidata": "Q140984463", "damage:type": "earthquake", "destroyed:building": "yes", "osm_type": "way", "osm_id": 1557413208}}, {"type": "Feature", "geometry": {"type": "Point", "coordinates": [-76.1637424, 4.1990033]}, "properties": {"building": "yes", "damage:date": "2026-08-10", "damage:event": "2026ColombiaEarthquake-Palmar", "damage:event:wikidata": "Q140984463", "damage:type": "earthquake", "destroyed:building": "yes", "osm_type": "way", "osm_id": 1557413209}}, {"type": "Feature", "geometry": {"type": "Point", "coordinates": [-76.1636772, 4.1991157]}, "properties": {"building": "yes", "damage:date": "2026-08-10", "damage:event": "2026ColombiaEarthquake-Palmar", "damage:event:wikidata": "Q140984463", "damage:type": "earthquake", "osm_type": "way", "osm_id": 1557413210}}, {"type": "Feature", "geometry": {"type": "Point", "coordinates": [-76.1637092, 4.1988021]}, "properties": {"building": "yes", "damage:date": "2026-08-10", "damage:event": "2026ColombiaEarthquake-Palmar", "damage:event:wikidata": "Q140984463", "damage:type": "earthquake", "osm_type": "way", "osm_id": 1557413211}}, {"type": "Feature", "geometry": {"type": "Point", "coordinates": [-76.1636673, 4.1986832]}, "properties": {"building": "yes", "damage:date": "2026-08-10", "damage:event": "2026ColombiaEarthquake-Palmar", "damage:event:wikidata": "Q140984463", "damage:type": "earthquake", "osm_type": "way", "osm_id": 1557413212}}, {"type": "Feature", "geometry": {"type": "Point", "coordinates": [-76.163613, 4.198677]}, "properties": {"building": "yes", "damage:date": "2026-08-10", "damage:event": "2026ColombiaEarthquake-Palmar", "damage:event:wikidata": "Q140984463", "damage:type": "earthquake", "osm_type": "way", "osm_id": 1557413213}}, {"type": "Feature", "geometry": {"type": "Point", "coordinates": [-76.1633986, 4.1986564]}, "properties": {"building": "yes", "damage:date": "2026-08-10", "damage:event": "2026ColombiaEarthquake-Palmar", "damage:event:wikidata": "Q140984463", "damage:type": "earthquake", "osm_type": "way", "osm_id": 1557413214}}, {"type": "Feature", "geometry": {"type": "Point", "coordinates": [-76.1631273, 4.1987492]}, "properties": {"building": "yes", "damage:date": "2026-08-10", "damage:event": "2026ColombiaEarthquake-Palmar", "damage:event:wikidata": "Q140984463", "damage:type": "earthquake", "osm_type": "way", "osm_id": 1557413215}}, {"type": "Feature", "geometry": {"type": "Point", "coordinates": [-76.1631395, 4.1986281]}, "properties": {"building": "yes", "damage:date": "2026-08-10", "damage:event": "2026ColombiaEarthquake-Palmar", "damage:event:wikidata": "Q140984463", "damage:type": "earthquake", "osm_type": "way", "osm_id": 1557413216}}, {"type": "Feature", "geometry": {"type": "Point", "coordinates": [-76.1628798, 4.1990424]}, "properties": {"building": "yes", "damage:date": "2026-08-10", "damage:event": "2026ColombiaEarthquake-Palmar", "damage:event:wikidata": "Q140984463", "damage:type": "earthquake", "osm_type": "way", "osm_id": 1557413217}}, {"type": "Feature", "geometry": {"type": "Point", "coordinates": [-76.1628702, 4.1985956]}, "properties": {"building": "yes", "damage:date": "2026-08-10", "damage:event": "2026ColombiaEarthquake-Palmar", "damage:event:wikidata": "Q140984463", "damage:type": "earthquake", "osm_type": "way", "osm_id": 1557413218}}, {"type": "Feature", "geometry": {"type": "Point", "coordinates": [-76.1629755, 4.1996866]}, "properties": {"building": "yes", "damage:date": "2026-08-10", "damage:event": "2026ColombiaEarthquake-Palmar", "damage:event:wikidata": "Q140984463", "damage:type": "earthquake", "osm_type": "way", "osm_id": 1557413219}}, {"type": "Feature", "geometry": {"type": "Point", "coordinates": [-76.1636891, 4.1997992]}, "properties": {"building": "yes", "damage:date": "2026-08-10", "damage:event": "2026ColombiaEarthquake-Palmar", "damage:event:wikidata": "Q140984463", "damage:type": "earthquake", "osm_type": "way", "osm_id": 1557413220}}, {"type": "Feature", "geometry": {"type": "Point", "coordinates": [-76.1638253, 4.200103]}, "properties": {"building": "yes", "damage:date": "2026-08-10", "damage:event": "2026ColombiaEarthquake-Palmar", "damage:event:wikidata": "Q140984463", "damage:type": "earthquake", "osm_type": "way", "osm_id": 1557413221}}, {"type": "Feature", "geometry": {"type": "Point", "coordinates": [-76.1636003, 4.1995994]}, "properties": {"building": "yes", "damage:date": "2026-08-10", "damage:event": "2026ColombiaEarthquake-Palmar", "damage:event:wikidata": "Q140984463", "damage:type": "earthquake", "osm_type": "way", "osm_id": 1557413222}}, {"type": "Feature", "geometry": {"type": "Point", "coordinates": [-76.1636112, 4.1997494]}, "properties": {"building": "yes", "damage:date": "2026-08-10", "damage:event": "2026ColombiaEarthquake-Palmar", "damage:event:wikidata": "Q140984463", "damage:type": "earthquake", "osm_type": "way", "osm_id": 1557413223}}, {"type": "Feature", "geometry": {"type": "Point", "coordinates": [-76.1627482, 4.1999866]}, "properties": {"building": "yes", "damage:date": "2026-08-10", "damage:event": "2026ColombiaEarthquake-Palmar", "damage:event:wikidata": "Q140984463", "damage:type": "earthquake", "osm_type": "way", "osm_id": 1557413671}}, {"type": "Feature", "geometry": {"type": "Point", "coordinates": [-76.4169024, 3.9687402]}, "properties": {"building": "yes", "damage:date": "2026-08-10", "damage:event": "2026ColombiaEarthquake-Palmar", "damage:event:wikidata": "Q140984463", "damage:type": "earthquake", "osm_type": "way", "osm_id": 1557485746}}, {"type": "Feature", "geometry": {"type": "Point", "coordinates": [-76.4387864, 3.9768581]}, "properties": {"building": "yes", "damage:date": "2026-08-10", "damage:event": "2026ColombiaEarthquake-Palmar", "damage:event:wikidata": "Q140984463", "damage:type": "earthquake", "osm_type": "way", "osm_id": 1557487379}}, {"type": "Feature", "geometry": {"type": "Point", "coordinates": [-76.4355544, 3.9720766]}, "properties": {"building": "yes", "damage:date": "2026-08-10", "damage:event": "2026ColombiaEarthquake-Palmar", "damage:event:wikidata": "Q140984463", "damage:type": "earthquake", "osm_type": "way", "osm_id": 1557487538}}, {"type": "Feature", "geometry": {"type": "Point", "coordinates": [-76.4356245, 3.9720992]}, "properties": {"building": "yes", "damage:date": "2026-08-10", "damage:event": "2026ColombiaEarthquake-Palmar", "damage:event:wikidata": "Q140984463", "damage:type": "earthquake", "osm_type": "way", "osm_id": 1557487539}}, {"type": "Feature", "geometry": {"type": "Point", "coordinates": [-76.4886353, 3.9318206]}, "properties": {"building": "yes", "damage:date": "2026-08-10", "damage:event": "2026ColombiaEarthquake-Palmar", "damage:event:wikidata": "Q140984463", "damage:type": "earthquake", "osm_type": "way", "osm_id": 1557496590}}, {"type": "Feature", "geometry": {"type": "Point", "coordinates": [-76.4885043, 3.9318556]}, "properties": {"building": "yes", "damage:date": "2026-08-10", "damage:event": "2026ColombiaEarthquake-Palmar", "damage:event:wikidata": "Q140984463", "damage:type": "earthquake", "osm_type": "way", "osm_id": 1557496602}}, {"type": "Feature", "geometry": {"type": "Point", "coordinates": [-76.4884584, 3.9319228]}, "properties": {"building": "yes", "damage:date": "2026-08-10", "damage:event": "2026ColombiaEarthquake-Palmar", "damage:event:wikidata": "Q140984463", "damage:type": "earthquake", "osm_type": "way", "osm_id": 1557496615}}, {"type": "Feature", "geometry": {"type": "Point", "coordinates": [-76.48834, 3.9317738]}, "properties": {"building": "yes", "damage:date": "2026-08-10", "damage:event": "2026ColombiaEarthquake-Palmar", "damage:event:wikidata": "Q140984463", "damage:type": "earthquake", "osm_type": "way", "osm_id": 1557496656}}, {"type": "Feature", "geometry": {"type": "Point", "coordinates": [-76.4888726, 3.9317586]}, "properties": {"building": "yes", "damage:date": "2026-08-10", "damage:event": "2026ColombiaEarthquake-Palmar", "damage:event:wikidata": "Q140984463", "damage:type": "earthquake", "osm_type": "way", "osm_id": 1557496666}}, {"type": "Feature", "geometry": {"type": "Point", "coordinates": [-76.4884243, 3.9316917]}, "properties": {"building": "yes", "damage:date": "2026-08-10", "damage:event": "2026ColombiaEarthquake-Palmar", "damage:event:wikidata": "Q140984463", "damage:type": "earthquake", "osm_type": "way", "osm_id": 1557496757}}, {"type": "Feature", "geometry": {"type": "Point", "coordinates": [-76.4884306, 3.9317155]}, "properties": {"building": "yes", "damage:date": "2026-08-10", "damage:event": "2026ColombiaEarthquake-Palmar", "damage:event:wikidata": "Q140984463", "damage:type": "earthquake", "osm_type": "way", "osm_id": 1557496821}}, {"type": "Feature", "geometry": {"type": "Point", "coordinates": [-76.4884388, 3.9317504]}, "properties": {"building": "yes", "damage:date": "2026-08-10", "damage:event": "2026ColombiaEarthquake-Palmar", "damage:event:wikidata": "Q140984463", "damage:type": "earthquake", "osm_type": "way", "osm_id": 1557497144}}, {"type": "Feature", "geometry": {"type": "Point", "coordinates": [-76.4885408, 3.9316678]}, "properties": {"building": "yes", "damage:date": "2026-08-10", "damage:event": "2026ColombiaEarthquake-Palmar", "damage:event:wikidata": "Q140984463", "damage:type": "earthquake", "osm_type": "way", "osm_id": 1557497294}}, {"type": "Feature", "geometry": {"type": "Point", "coordinates": [-76.4885022, 3.9316231]}, "properties": {"building": "yes", "damage:date": "2026-08-10", "damage:event": "2026ColombiaEarthquake-Palmar", "damage:event:wikidata": "Q140984463", "damage:type": "earthquake", "osm_type": "way", "osm_id": 1557497569}}, {"type": "Feature", "geometry": {"type": "Point", "coordinates": [-76.4885037, 3.931417]}, "properties": {"building": "yes", "damage:date": "2026-08-10", "damage:event": "2026ColombiaEarthquake-Palmar", "damage:event:wikidata": "Q140984463", "damage:type": "earthquake", "osm_type": "way", "osm_id": 1557497706}}, {"type": "Feature", "geometry": {"type": "Point", "coordinates": [-76.4883866, 3.9313801]}, "properties": {"building": "yes", "damage:date": "2026-08-10", "damage:event": "2026ColombiaEarthquake-Palmar", "damage:event:wikidata": "Q140984463", "damage:type": "earthquake", "osm_type": "way", "osm_id": 1557498047}}, {"type": "Feature", "geometry": {"type": "Point", "coordinates": [-76.4886028, 3.9313886]}, "properties": {"building": "yes", "damage:date": "2026-08-10", "damage:event": "2026ColombiaEarthquake-Palmar", "damage:event:wikidata": "Q140984463", "damage:type": "earthquake", "osm_type": "way", "osm_id": 1557498099}}, {"type": "Feature", "geometry": {"type": "Point", "coordinates": [-76.488636, 3.9314847]}, "properties": {"building": "yes", "damage:date": "2026-08-10", "damage:event": "2026ColombiaEarthquake-Palmar", "damage:event:wikidata": "Q140984463", "damage:type": "earthquake", "osm_type": "way", "osm_id": 1557498917}}, {"type": "Feature", "geometry": {"type": "Point", "coordinates": [-76.4886997, 3.9313615]}, "properties": {"building": "yes", "damage:date": "2026-08-10", "damage:event": "2026ColombiaEarthquake-Palmar", "damage:event:wikidata": "Q140984463", "damage:type": "earthquake", "osm_type": "way", "osm_id": 1557498918}}, {"type": "Feature", "geometry": {"type": "Point", "coordinates": [-76.4887184, 3.9316382]}, "properties": {"building": "yes", "damage:date": "2026-08-10", "damage:event": "2026ColombiaEarthquake-Palmar", "damage:event:wikidata": "Q140984463", "damage:type": "earthquake", "osm_type": "way", "osm_id": 1557498973}}, {"type": "Feature", "geometry": {"type": "Point", "coordinates": [-76.4887802, 3.931568]}, "properties": {"building": "yes", "damage:date": "2026-08-10", "damage:event": "2026ColombiaEarthquake-Palmar", "damage:event:wikidata": "Q140984463", "damage:type": "earthquake", "osm_type": "way", "osm_id": 1557499055}}, {"type": "Feature", "geometry": {"type": "Point", "coordinates": [-76.4887474, 3.9314299]}, "properties": {"building": "yes", "damage:date": "2026-08-10", "damage:event": "2026ColombiaEarthquake-Palmar", "damage:event:wikidata": "Q140984463", "damage:type": "earthquake", "osm_type": "way", "osm_id": 1557499092}}, {"type": "Feature", "geometry": {"type": "Point", "coordinates": [-76.4888078, 3.9314602]}, "properties": {"building": "yes", "damage:date": "2026-08-10", "damage:event": "2026ColombiaEarthquake-Palmar", "damage:event:wikidata": "Q140984463", "damage:type": "earthquake", "osm_type": "way", "osm_id": 1557499093}}, {"type": "Feature", "geometry": {"type": "Point", "coordinates": [-76.4894759, 3.9317956]}, "properties": {"building": "yes", "damage:date": "2026-08-10", "damage:event": "2026ColombiaEarthquake-Palmar", "damage:event:wikidata": "Q140984463", "damage:type": "earthquake", "osm_type": "way", "osm_id": 1557499411}}, {"type": "Feature", "geometry": {"type": "Point", "coordinates": [-76.4894193, 3.9317947]}, "properties": {"building": "yes", "damage:date": "2026-08-10", "damage:event": "2026ColombiaEarthquake-Palmar", "damage:event:wikidata": "Q140984463", "damage:type": "earthquake", "osm_type": "way", "osm_id": 1557499432}}, {"type": "Feature", "geometry": {"type": "Point", "coordinates": [-76.4893721, 3.9317414]}, "properties": {"building": "yes", "damage:date": "2026-08-10", "damage:event": "2026ColombiaEarthquake-Palmar", "damage:event:wikidata": "Q140984463", "damage:type": "earthquake", "osm_type": "way", "osm_id": 1557499456}}, {"type": "Feature", "geometry": {"type": "Point", "coordinates": [-76.4893165, 3.9318368]}, "properties": {"building": "yes", "damage:date": "2026-08-10", "damage:event": "2026ColombiaEarthquake-Palmar", "damage:event:wikidata": "Q140984463", "damage:type": "earthquake", "osm_type": "way", "osm_id": 1557499460}}, {"type": "Feature", "geometry": {"type": "Point", "coordinates": [-76.4893154, 3.9317249]}, "properties": {"building": "yes", "damage:date": "2026-08-10", "damage:event": "2026ColombiaEarthquake-Palmar", "damage:event:wikidata": "Q140984463", "damage:type": "earthquake", "osm_type": "way", "osm_id": 1557499590}}, {"type": "Feature", "geometry": {"type": "Point", "coordinates": [-76.4892603, 3.9316942]}, "properties": {"building": "yes", "damage:date": "2026-08-10", "damage:event": "2026ColombiaEarthquake-Palmar", "damage:event:wikidata": "Q140984463", "damage:type": "earthquake", "osm_type": "way", "osm_id": 1557499614}}, {"type": "Feature", "geometry": {"type": "Point", "coordinates": [-76.4891445, 3.9317047]}, "properties": {"building": "yes", "damage:date": "2026-08-10", "damage:event": "2026ColombiaEarthquake-Palmar", "damage:event:wikidata": "Q140984463", "damage:type": "earthquake", "osm_type": "way", "osm_id": 1557499733}}, {"type": "Feature", "geometry": {"type": "Point", "coordinates": [-76.4890635, 3.9316091]}, "properties": {"building": "yes", "damage:date": "2026-08-10", "damage:event": "2026ColombiaEarthquake-Palmar", "damage:event:wikidata": "Q140984463", "damage:type": "earthquake", "osm_type": "way", "osm_id": 1557499768}}, {"type": "Feature", "geometry": {"type": "Point", "coordinates": [-76.4889644, 3.9315589]}, "properties": {"building": "yes", "damage:date": "2026-08-10", "damage:event": "2026ColombiaEarthquake-Palmar", "damage:event:wikidata": "Q140984463", "damage:type": "earthquake", "osm_type": "way", "osm_id": 1557499788}}, {"type": "Feature", "geometry": {"type": "Point", "coordinates": [-76.4889901, 3.9317826]}, "properties": {"building": "yes", "damage:date": "2026-08-10", "damage:event": "2026ColombiaEarthquake-Palmar", "damage:event:wikidata": "Q140984463", "damage:type": "earthquake", "osm_type": "way", "osm_id": 1557499823}}, {"type": "Feature", "geometry": {"type": "Point", "coordinates": [-76.4890752, 3.9313632]}, "properties": {"building": "yes", "damage:date": "2026-08-10", "damage:event": "2026ColombiaEarthquake-Palmar", "damage:event:wikidata": "Q140984463", "damage:type": "earthquake", "osm_type": "way", "osm_id": 1557499877}}, {"type": "Feature", "geometry": {"type": "Point", "coordinates": [-76.489252, 3.9314493]}, "properties": {"building": "yes", "damage:date": "2026-08-10", "damage:event": "2026ColombiaEarthquake-Palmar", "damage:event:wikidata": "Q140984463", "damage:type": "earthquake", "osm_type": "way", "osm_id": 1557499890}}, {"type": "Feature", "geometry": {"type": "Point", "coordinates": [-76.4892126, 3.9314282]}, "properties": {"building": "yes", "damage:date": "2026-08-10", "damage:event": "2026ColombiaEarthquake-Palmar", "damage:event:wikidata": "Q140984463", "damage:type": "earthquake", "osm_type": "way", "osm_id": 1557499904}}, {"type": "Feature", "geometry": {"type": "Point", "coordinates": [-76.4891515, 3.9314014]}, "properties": {"building": "yes", "damage:date": "2026-08-10", "damage:event": "2026ColombiaEarthquake-Palmar", "damage:event:wikidata": "Q140984463", "damage:type": "earthquake", "osm_type": "way", "osm_id": 1557500112}}, {"type": "Feature", "geometry": {"type": "Point", "coordinates": [-76.4895753, 3.9316201]}, "properties": {"building": "yes", "damage:date": "2026-08-10", "damage:event": "2026ColombiaEarthquake-Palmar", "damage:event:wikidata": "Q140984463", "damage:type": "earthquake", "osm_type": "way", "osm_id": 1557500174}}, {"type": "Feature", "geometry": {"type": "Point", "coordinates": [-76.4894369, 3.9314248]}, "properties": {"building": "yes", "damage:date": "2026-08-10", "damage:event": "2026ColombiaEarthquake-Palmar", "damage:event:wikidata": "Q140984463", "damage:type": "earthquake", "osm_type": "way", "osm_id": 1557500252}}, {"type": "Feature", "geometry": {"type": "Point", "coordinates": [-76.4895172, 3.9314075]}, "properties": {"building": "yes", "damage:date": "2026-08-10", "damage:event": "2026ColombiaEarthquake-Palmar", "damage:event:wikidata": "Q140984463", "damage:type": "earthquake", "osm_type": "way", "osm_id": 1557500284}}, {"type": "Feature", "geometry": {"type": "Point", "coordinates": [-76.4893196, 3.931472]}, "properties": {"building": "yes", "damage:date": "2026-08-10", "damage:event": "2026ColombiaEarthquake-Palmar", "damage:event:wikidata": "Q140984463", "damage:type": "earthquake", "osm_type": "way", "osm_id": 1557500396}}, {"type": "Feature", "geometry": {"type": "Point", "coordinates": [-76.4893829, 3.9315072]}, "properties": {"building": "yes", "damage:date": "2026-08-10", "damage:event": "2026ColombiaEarthquake-Palmar", "damage:event:wikidata": "Q140984463", "damage:type": "earthquake", "osm_type": "way", "osm_id": 1557500397}}, {"type": "Feature", "geometry": {"type": "Point", "coordinates": [-76.4894582, 3.931543]}, "properties": {"building": "yes", "damage:date": "2026-08-10", "damage:event": "2026ColombiaEarthquake-Palmar", "damage:event:wikidata": "Q140984463", "damage:type": "earthquake", "osm_type": "way", "osm_id": 1557500428}}, {"type": "Feature", "geometry": {"type": "Point", "coordinates": [-76.4882172, 3.9313822]}, "properties": {"building": "yes", "damage:date": "2026-08-10", "damage:event": "2026ColombiaEarthquake-Palmar", "damage:event:wikidata": "Q140984463", "damage:type": "earthquake", "osm_type": "way", "osm_id": 1557500609}}, {"type": "Feature", "geometry": {"type": "Point", "coordinates": [-76.4882416, 3.9314418]}, "properties": {"building": "yes", "damage:date": "2026-08-10", "damage:event": "2026ColombiaEarthquake-Palmar", "damage:event:wikidata": "Q140984463", "damage:type": "earthquake", "osm_type": "way", "osm_id": 1557500669}}, {"type": "Feature", "geometry": {"type": "Point", "coordinates": [-76.488374, 3.9315115]}, "properties": {"building": "yes", "damage:date": "2026-08-10", "damage:event": "2026ColombiaEarthquake-Palmar", "damage:event:wikidata": "Q140984463", "damage:type": "earthquake", "osm_type": "way", "osm_id": 1557500671}}, {"type": "Feature", "geometry": {"type": "Point", "coordinates": [-76.4882825, 3.9315421]}, "properties": {"building": "yes", "damage:date": "2026-08-10", "damage:event": "2026ColombiaEarthquake-Palmar", "damage:event:wikidata": "Q140984463", "damage:type": "earthquake", "osm_type": "way", "osm_id": 1557500811}}, {"type": "Feature", "geometry": {"type": "Point", "coordinates": [-76.4881507, 3.9314711]}, "properties": {"building": "yes", "damage:date": "2026-08-10", "damage:event": "2026ColombiaEarthquake-Palmar", "damage:event:wikidata": "Q140984463", "damage:type": "earthquake", "osm_type": "way", "osm_id": 1557500973}}, {"type": "Feature", "geometry": {"type": "Point", "coordinates": [-76.4882061, 3.9315627]}, "properties": {"building": "yes", "damage:date": "2026-08-10", "damage:event": "2026ColombiaEarthquake-Palmar", "damage:event:wikidata": "Q140984463", "damage:type": "earthquake", "osm_type": "way", "osm_id": 1557501112}}, {"type": "Feature", "geometry": {"type": "Point", "coordinates": [-76.4882638, 3.9316885]}, "properties": {"building": "yes", "damage:date": "2026-08-10", "damage:event": "2026ColombiaEarthquake-Palmar", "damage:event:wikidata": "Q140984463", "damage:type": "earthquake", "osm_type": "way", "osm_id": 1557501220}}, {"type": "Feature", "geometry": {"type": "Point", "coordinates": [-76.4881794, 3.9316545]}, "properties": {"building": "yes", "damage:date": "2026-08-10", "damage:event": "2026ColombiaEarthquake-Palmar", "damage:event:wikidata": "Q140984463", "damage:type": "earthquake", "osm_type": "way", "osm_id": 1557501258}}, {"type": "Feature", "geometry": {"type": "Point", "coordinates": [-76.4895578, 3.9323439]}, "properties": {"building": "yes", "damage:date": "2026-08-10", "damage:event": "2026ColombiaEarthquake-Palmar", "damage:event:wikidata": "Q140984463", "damage:type": "earthquake", "osm_type": "way", "osm_id": 1557511564}}, {"type": "Feature", "geometry": {"type": "Point", "coordinates": [-76.4895008, 3.9323156]}, "properties": {"building": "yes", "damage:date": "2026-08-10", "damage:event": "2026ColombiaEarthquake-Palmar", "damage:event:wikidata": "Q140984463", "damage:type": "earthquake", "osm_type": "way", "osm_id": 1557511690}}, {"type": "Feature", "geometry": {"type": "Point", "coordinates": [-76.4894317, 3.932294]}, "properties": {"building": "yes", "damage:date": "2026-08-10", "damage:event": "2026ColombiaEarthquake-Palmar", "damage:event:wikidata": "Q140984463", "damage:type": "earthquake", "osm_type": "way", "osm_id": 1557511802}}, {"type": "Feature", "geometry": {"type": "Point", "coordinates": [-76.4892927, 3.9322784]}, "properties": {"building": "yes", "damage:date": "2026-08-10", "damage:event": "2026ColombiaEarthquake-Palmar", "damage:event:wikidata": "Q140984463", "damage:type": "earthquake", "osm_type": "way", "osm_id": 1557512007}}, {"type": "Feature", "geometry": {"type": "Point", "coordinates": [-76.4893641, 3.9321476]}, "properties": {"building": "yes", "damage:date": "2026-08-10", "damage:event": "2026ColombiaEarthquake-Palmar", "damage:event:wikidata": "Q140984463", "damage:type": "earthquake", "osm_type": "way", "osm_id": 1557512008}}, {"type": "Feature", "geometry": {"type": "Point", "coordinates": [-76.4893894, 3.9320858]}, "properties": {"building": "yes", "damage:date": "2026-08-10", "damage:event": "2026ColombiaEarthquake-Palmar", "damage:event:wikidata": "Q140984463", "damage:type": "earthquake", "osm_type": "way", "osm_id": 1557512009}}, {"type": "Feature", "geometry": {"type": "Point", "coordinates": [-76.4894335, 3.9319962]}, "properties": {"building": "yes", "damage:date": "2026-08-10", "damage:event": "2026ColombiaEarthquake-Palmar", "damage:event:wikidata": "Q140984463", "damage:type": "earthquake", "osm_type": "way", "osm_id": 1557512642}}, {"type": "Feature", "geometry": {"type": "Point", "coordinates": [-76.469743, 3.9680685]}, "properties": {"building": "yes", "damage:date": "2026-08-10", "damage:event": "2026ColumbiaEarthquake", "damage:event:wikidata": "Q140984463", "damage:type": "earthquake", "osm_type": "way", "osm_id": 1557543222}}, {"type": "Feature", "geometry": {"type": "Point", "coordinates": [-76.4702513, 3.9661791]}, "properties": {"building": "yes", "damage:date": "2026-08-10", "damage:event": "2026ColumbiaEarthquake", "damage:event:wikidata": "Q140984463", "damage:type": "earthquake", "osm_type": "way", "osm_id": 1557543230}}, {"type": "Feature", "geometry": {"type": "Point", "coordinates": [-76.4813855, 3.9366602]}, "properties": {"building": "yes", "damage:date": "2026-08-10", "damage:event": "2026ColombiaEarthquake-Palmar", "damage:event:wikidata": "Q140984463", "damage:type": "earthquake", "osm_type": "way", "osm_id": 1557566064}}, {"type": "Feature", "geometry": {"type": "Point", "coordinates": [-76.4714199, 3.9672853]}, "properties": {"building": "yes", "damage:date": "2026-08-10", "damage:event": "2026ColombiaEarthquake-Palmar", "damage:event:wikidata": "Q140984463", "damage:type": "earthquake", "osm_type": "way", "osm_id": 1557623001}}, {"type": "Feature", "geometry": {"type": "Point", "coordinates": [-76.4725654, 3.9677295]}, "properties": {"building": "yes", "damage:date": "2026-08-10", "damage:event": "2026ColombiaEarthquake-Palmar", "damage:event:wikidata": "Q140984463", "damage:type": "earthquake", "osm_type": "way", "osm_id": 1557623013}}, {"type": "Feature", "geometry": {"type": "Point", "coordinates": [-76.4714797, 3.9682634]}, "properties": {"building": "yes", "damage:date": "2026-08-10", "damage:event": "2026ColombiaEarthquake-Palmar", "damage:event:wikidata": "Q140984463", "damage:type": "earthquake", "osm_type": "way", "osm_id": 1557623027}}, {"type": "Feature", "geometry": {"type": "Point", "coordinates": [-76.470437, 3.9688331]}, "properties": {"building": "yes", "damage:date": "2026-08-10", "damage:event": "2026ColombiaEarthquake-Palmar", "damage:event:wikidata": "Q140984463", "damage:type": "earthquake", "osm_type": "way", "osm_id": 1557623755}}, {"type": "Feature", "geometry": {"type": "Point", "coordinates": [-76.5523099, 3.4071217]}, "properties": {"building": "residential", "building:levels": "5", "damage:date": "2026-08-10", "damage:event": "2026ColombiaEarthquake-Palmar", "damage:event:wikidata": "Q140984463", "damage:type": "earthquake", "earthquake:damage": "moderate", "name": "Edificio Maria Josefa", "osm_type": "way", "osm_id": 1557645199}}, {"type": "Feature", "geometry": {"type": "Point", "coordinates": [-76.1635695, 4.1984477]}, "properties": {"building": "yes", "damage:date": "2026-08-10", "damage:event": "2026ColombiaEarthquake-Palmar", "damage:event:wikidata": "Q140984463", "damage:type": "earthquake", "destroyed:building": "yes", "osm_type": "way", "osm_id": 1557646675}}, {"type": "Feature", "geometry": {"type": "Point", "coordinates": [-76.4853018, 3.9390377]}, "properties": {"damage:date": "2026-08-10", "damage:event": "2026ColombiaEarthquake-Palmar", "damage:event:wikidata": "Q140984463", "damage:type": "earthquake", "destroyed:building": "yes", "osm_type": "way", "osm_id": 1557759983}}, {"type": "Feature", "geometry": {"type": "Point", "coordinates": [-76.4916793, 3.9366781]}, "properties": {"damage:date": "2026-08-10", "damage:event": "2026ColombiaEarthquake-Palmar", "damage:event:wikidata": "Q140984463", "damage:type": "earthquake", "destroyed:building": "yes", "osm_type": "way", "osm_id": 1557761209}}, {"type": "Feature", "geometry": {"type": "Point", "coordinates": [-76.1644695, 4.1984561]}, "properties": {"building": "yes", "damage:date": "2026-08-10", "damage:event": "2026ColombiaEarthquake-Palmar", "damage:event:wikidata": "Q140984463", "damage:type": "earthquake", "destroyed:building": "yes", "osm_type": "way", "osm_id": 1557795017}}, {"type": "Feature", "geometry": {"type": "Point", "coordinates": [-76.1522873, 4.2161781]}, "properties": {"damage:date": "2026-08-10", "damage:event": "2026ColombiaEarthquake-Palmar", "damage:event:wikidata": "Q140984463", "damage:type": "earthquake", "destroyed:building": "yes", "osm_type": "way", "osm_id": 1557836948}}, {"type": "Feature", "geometry": {"type": "Point", "coordinates": [-76.1523941, 4.2162359]}, "properties": {"damage:date": "2026-08-10", "damage:event": "2026ColombiaEarthquake-Palmar", "damage:event:wikidata": "Q140984463", "damage:type": "earthquake", "destroyed:building": "yes", "osm_type": "way", "osm_id": 1557836951}}, {"type": "Feature", "geometry": {"type": "Point", "coordinates": [-76.1527219, 4.2152205]}, "properties": {"damage:date": "2026-08-10", "damage:event": "2026ColombiaEarthquake-Palmar", "damage:event:wikidata": "Q140984463", "damage:type": "earthquake", "destroyed:building": "yes", "osm_type": "way", "osm_id": 1557866596}}, {"type": "Feature", "geometry": {"type": "Point", "coordinates": [-76.152091, 4.2151073]}, "properties": {"damage:date": "2026-08-10", "damage:event": "2026ColombiaEarthquake-Palmar", "damage:event:wikidata": "Q140984463", "damage:type": "earthquake", "destroyed:building": "yes", "osm_type": "way", "osm_id": 1557867310}}, {"type": "Feature", "geometry": {"type": "Point", "coordinates": [-76.1556404, 4.1996094]}, "properties": {"building": "yes", "damage:date": "2026-08-10", "damage:event": "2026ColombiaEarthquake-Palmar", "damage:event:wikidata": "Q140984463", "damage:type": "earthquake", "osm_type": "way", "osm_id": 1558076352}}, {"type": "Feature", "geometry": {"type": "Point", "coordinates": [-76.153632, 4.212998]}, "properties": {"damage:date": "2026-08-10", "damage:event": "2026ColombiaEarthquake-Palmar", "damage:event:wikidata": "Q140984463", "damage:type": "earthquake", "destroyed:building": "yes", "osm_type": "way", "osm_id": 1558103318}}, {"type": "Feature", "geometry": {"type": "Point", "coordinates": [-76.1543552, 4.2135038]}, "properties": {"building": "yes", "damage:date": "2026-08-10", "damage:event": "2026ColombiaEarthquake-Palmar", "damage:event:wikidata": "Q140984463", "damage:type": "earthquake", "osm_type": "way", "osm_id": 1558110770}}, {"type": "Feature", "geometry": {"type": "Point", "coordinates": [-76.1543316, 4.2134807]}, "properties": {"building": "yes", "damage:date": "2026-08-10", "damage:event": "2026ColombiaEarthquake-Palmar", "damage:event:wikidata": "Q140984463", "damage:type": "earthquake", "osm_type": "way", "osm_id": 1558110771}}, {"type": "Feature", "geometry": {"type": "Point", "coordinates": [-76.4660536, 3.9715036]}, "properties": {"building": "yes", "damage:date": "2026-08-10", "damage:event": "2026ColombiaEarthquake-Palmar", "damage:event:wikidata": "Q140984463", "damage:type": "earthquake", "osm_type": "way", "osm_id": 1558199714}}, {"type": "Feature", "geometry": {"type": "Point", "coordinates": [-75.6972064, 4.8063156]}, "properties": {"damage:date": "2026-08-10", "damage:event": "2026ColombiaEarthquake-Palmar", "damage:event:wikidata": "Q140984463", "damage:type": "earthquake", "destroyed:building": "yes", "earthquake:damage": "collapsed_building", "osm_type": "way", "osm_id": 1558206631}}, {"type": "Feature", "geometry": {"type": "Point", "coordinates": [-75.6960858, 4.8059618]}, "properties": {"damage:date": "2026-08-10", "damage:event": "2026ColombiaEarthquake-Palmar", "damage:event:wikidata": "Q140984463", "damage:type": "earthquake", "destroyed:building": "yes", "earthquake:damage": "collapsed_building", "osm_type": "way", "osm_id": 1558206633}}, {"type": "Feature", "geometry": {"type": "Point", "coordinates": [-75.6962561, 4.8059304]}, "properties": {"damage:date": "2026-08-10", "damage:event": "2026ColombiaEarthquake-Palmar", "damage:event:wikidata": "Q140984463", "damage:type": "earthquake", "destroyed:building": "yes", "earthquake:damage": "collapsed_building", "osm_type": "way", "osm_id": 1558206634}}, {"type": "Feature", "geometry": {"type": "Point", "coordinates": [-75.6962916, 4.8057526]}, "properties": {"addr:city": "Pereira - Risaralda - Colombia", "addr:postcode": "660004", "addr:street": "Calle 21", "damage:date": "2026-08-10", "damage:event": "2026ColombiaEarthquake-Palmar", "damage:event:wikidata": "Q140984463", "damage:type": "earthquake", "destroyed:building": "yes", "earthquake:damage": "collapsed_building", "osm_type": "way", "osm_id": 1558206636}}, {"type": "Feature", "geometry": {"type": "Point", "coordinates": [-75.6965748, 4.8059728]}, "properties": {"damage:date": "2026-08-10", "damage:event": "2026ColombiaEarthquake-Palmar", "damage:event:wikidata": "Q140984463", "damage:type": "earthquake", "destroyed:building": "yes", "earthquake:damage": "collapsed_building", "osm_type": "way", "osm_id": 1558206638}}, {"type": "Feature", "geometry": {"type": "Point", "coordinates": [-75.6964365, 4.8059805]}, "properties": {"addr:city": "Pereira - Risaralda - Colombia", "addr:postcode": "660004", "addr:street": "Calle 21", "damage:date": "2026-08-10", "damage:event": "2026ColombiaEarthquake-Palmar", "damage:event:wikidata": "Q140984463", "damage:type": "earthquake", "destroyed:building": "yes", "earthquake:damage": "collapsed_building", "osm_type": "way", "osm_id": 1558206639}}, {"type": "Feature", "geometry": {"type": "Point", "coordinates": [-75.6960341, 4.8061081]}, "properties": {"addr:city": "Pereira - Risaralda - Colombia", "addr:postcode": "660004", "addr:street": "Calle 21", "damage:date": "2026-08-10", "damage:event": "2026ColombiaEarthquake-Palmar", "damage:event:wikidata": "Q140984463", "damage:type": "earthquake", "destroyed:building": "yes", "earthquake:damage": "collapsed_building", "osm_type": "way", "osm_id": 1558206640}}, {"type": "Feature", "geometry": {"type": "Point", "coordinates": [-75.6961951, 4.8061896]}, "properties": {"addr:city": "Pereira - Risaralda - Colombia", "addr:postcode": "660004", "addr:street": "Calle 21", "damage:date": "2026-08-10", "damage:event": "2026ColombiaEarthquake-Palmar", "damage:event:wikidata": "Q140984463", "damage:type": "earthquake", "destroyed:building": "yes", "earthquake:damage": "collapsed_building", "osm_type": "way", "osm_id": 1558206641}}, {"type": "Feature", "geometry": {"type": "Point", "coordinates": [-75.6963687, 4.8062745]}, "properties": {"addr:city": "Pereira - Risaralda - Colombia", "addr:postcode": "660004", "addr:street": "Calle 21", "damage:date": "2026-08-10", "damage:event": "2026ColombiaEarthquake-Palmar", "damage:event:wikidata": "Q140984463", "damage:type": "earthquake", "destroyed:building": "yes", "earthquake:damage": "collapsed_building", "osm_type": "way", "osm_id": 1558206642}}, {"type": "Feature", "geometry": {"type": "Point", "coordinates": [-75.6965605, 4.8063727]}, "properties": {"addr:city": "Pereira - Risaralda - Colombia", "addr:postcode": "660004", "addr:street": "Calle 21", "damage:date": "2026-08-10", "damage:event": "2026ColombiaEarthquake-Palmar", "damage:event:wikidata": "Q140984463", "damage:type": "earthquake", "destroyed:building": "yes", "earthquake:damage": "collapsed_building", "osm_type": "way", "osm_id": 1558206643}}, {"type": "Feature", "geometry": {"type": "Point", "coordinates": [-75.696584, 4.8061783]}, "properties": {"addr:city": "Pereira - Risaralda - Colombia", "addr:postcode": "660004", "addr:street": "Calle 21", "damage:date": "2026-08-10", "damage:event": "2026ColombiaEarthquake-Palmar", "damage:event:wikidata": "Q140984463", "damage:type": "earthquake", "destroyed:building": "yes", "earthquake:damage": "collapsed_building", "osm_type": "way", "osm_id": 1558206644}}, {"type": "Feature", "geometry": {"type": "Point", "coordinates": [-76.1564833, 4.2150608]}, "properties": {"damage:date": "2026-08-10", "damage:event": "2026ColombiaEarthquake-Palmar", "damage:event:wikidata": "Q140984463", "damage:type": "earthquake", "destroyed:building": "yes", "osm_type": "way", "osm_id": 1558324936}}, {"type": "Feature", "geometry": {"type": "Point", "coordinates": [-76.1572828, 4.2109518]}, "properties": {"building": "yes", "damage:date": "2026-08-10", "damage:event": "2026ColombiaEarthquake-Palmar", "damage:event:wikidata": "Q140984463", "damage:type": "earthquake", "osm_type": "way", "osm_id": 1558344418}}, {"type": "Feature", "geometry": {"type": "Point", "coordinates": [-76.1558794, 4.2109126]}, "properties": {"damage:date": "2026-08-10", "damage:event": "2026ColombiaEarthquake-Palmar", "damage:event:wikidata": "Q140984463", "damage:type": "earthquake", "destroyed:building": "yes", "osm_type": "way", "osm_id": 1558455418}}, {"type": "Feature", "geometry": {"type": "Point", "coordinates": [-76.1551803, 4.214157]}, "properties": {"building": "yes", "damage:date": "2026-08-10", "damage:event": "2026ColombiaEarthquake-Palmar", "damage:event:wikidata": "Q140984463", "damage:type": "earthquake", "osm_type": "way", "osm_id": 1558474362}}, {"type": "Feature", "geometry": {"type": "Point", "coordinates": [-76.1557269, 4.2139751]}, "properties": {"building": "yes", "damage:date": "2026-08-10", "damage:event": "2026ColombiaEarthquake-Palmar", "damage:event:wikidata": "Q140984463", "damage:type": "earthquake", "osm_type": "way", "osm_id": 1558474368}}, {"type": "Feature", "geometry": {"type": "Point", "coordinates": [-76.1556769, 4.2140474]}, "properties": {"damage:date": "2026-08-10", "damage:event": "2026ColombiaEarthquake-Palmar", "damage:event:wikidata": "Q140984463", "damage:type": "earthquake", "destroyed:building": "yes", "osm_type": "way", "osm_id": 1558474369}}, {"type": "Feature", "geometry": {"type": "Point", "coordinates": [-76.1545173, 4.2137614]}, "properties": {"building": "yes", "damage:date": "2026-08-10", "damage:event": "2026ColombiaEarthquake-Palmar", "damage:event:wikidata": "Q140984463", "damage:type": "earthquake", "osm_type": "way", "osm_id": 1558475526}}, {"type": "Feature", "geometry": {"type": "Point", "coordinates": [-76.1557394, 4.213026]}, "properties": {"building": "yes", "damage:date": "2026-08-10", "damage:event": "2026ColombiaEarthquake-Palmar", "damage:event:wikidata": "Q140984463", "damage:type": "earthquake", "osm_type": "way", "osm_id": 1558521754}}, {"type": "Feature", "geometry": {"type": "Point", "coordinates": [-76.1549555, 4.213506]}, "properties": {"damage:date": "2026-08-10", "damage:event": "2026ColombiaEarthquake-Palmar", "damage:event:wikidata": "Q140984463", "damage:type": "earthquake", "destroyed:building": "yes", "osm_type": "way", "osm_id": 1558522758}}, {"type": "Feature", "geometry": {"type": "Point", "coordinates": [-76.1553565, 4.2127764]}, "properties": {"damage:date": "2026-08-10", "damage:event": "2026ColombiaEarthquake-Palmar", "damage:event:wikidata": "Q140984463", "damage:type": "earthquake", "destroyed:building": "yes", "osm_type": "way", "osm_id": 1558529594}}, {"type": "Feature", "geometry": {"type": "Point", "coordinates": [-76.1557696, 4.2126114]}, "properties": {"building": "yes", "damage:date": "2026-08-10", "damage:event": "2026ColombiaEarthquake-Palmar", "damage:event:wikidata": "Q140984463", "damage:type": "earthquake", "destroyed:building": "yes", "osm_type": "way", "osm_id": 1558530980}}, {"type": "Feature", "geometry": {"type": "Point", "coordinates": [-76.1557205, 4.2125785]}, "properties": {"building": "yes", "damage:date": "2026-08-10", "damage:event": "2026ColombiaEarthquake-Palmar", "damage:event:wikidata": "Q140984463", "damage:type": "earthquake", "destroyed:building": "yes", "osm_type": "way", "osm_id": 1558530981}}, {"type": "Feature", "geometry": {"type": "Point", "coordinates": [-76.1549201, 4.2124034]}, "properties": {"building": "yes", "damage:date": "2026-08-10", "damage:event": "2026ColombiaEarthquake-Palmar", "damage:event:wikidata": "Q140984463", "damage:type": "earthquake", "osm_type": "way", "osm_id": 1558533204}}, {"type": "Feature", "geometry": {"type": "Point", "coordinates": [-76.154813, 4.2122351]}, "properties": {"building": "yes", "damage:date": "2026-08-10", "damage:event": "2026ColombiaEarthquake-Palmar", "damage:event:wikidata": "Q140984463", "damage:type": "earthquake", "destroyed:building": "yes", "osm_type": "way", "osm_id": 1558533206}}, {"type": "Feature", "geometry": {"type": "Point", "coordinates": [-76.1545208, 4.2122811]}, "properties": {"damage:date": "2026-08-10", "damage:event": "2026ColombiaEarthquake-Palmar", "damage:event:wikidata": "Q140984463", "damage:type": "earthquake", "destroyed:building": "yes", "osm_type": "way", "osm_id": 1558533221}}, {"type": "Feature", "geometry": {"type": "Point", "coordinates": [-76.4907333, 3.9342944]}, "properties": {"damage:date": "2026-08-10", "damage:event": "2026ColombiaEarthquake-Palmar", "damage:event:wikidata": "Q140984463", "damage:type": "earthquake", "destroyed:building": "yes", "osm_type": "way", "osm_id": 1558592285}}, {"type": "Feature", "geometry": {"type": "Point", "coordinates": [-76.1601927, 4.2117415]}, "properties": {"building": "yes", "damage:date": "2026-08-10", "damage:event": "wikidata:Q140984463", "damage:type": "earthquake", "destroyed:building": "yes", "osm_type": "way", "osm_id": 1558642462}}, {"type": "Feature", "geometry": {"type": "Point", "coordinates": [-76.1601588, 4.2116716]}, "properties": {"building": "yes", "damage:date": "2026-08-10", "damage:event": "wikidata=Q140984463", "damage:type": "earthquake", "destroyed": "yes", "osm_type": "way", "osm_id": 1558642466}}, {"type": "Feature", "geometry": {"type": "Point", "coordinates": [-76.4690741, 3.9703515]}, "properties": {"building": "yes", "damage:date": "2026-08-10", "damage:event": "2026ColombiaEarthquake-Palmar", "damage:event:wikidata": "Q140984463", "damage:type": "earthquake", "osm_type": "way", "osm_id": 1558728215}}, {"type": "Feature", "geometry": {"type": "Point", "coordinates": [-76.4249176, 3.9881309]}, "properties": {"building": "yes", "damage:date": "2026-08-10", "damage:event": "2026ColombiaEarthquake-Palmar", "damage:event:wikidata": "Q140984463", "damage:type": "earthquake", "osm_type": "way", "osm_id": 1558732536}}, {"type": "Feature", "geometry": {"type": "Point", "coordinates": [-76.4249807, 3.9880528]}, "properties": {"building": "yes", "damage:date": "2026-08-10", "damage:event": "2026ColombiaEarthquake-Palmar", "damage:event:wikidata": "Q140984463", "damage:type": "earthquake", "osm_type": "way", "osm_id": 1558732537}}, {"type": "Feature", "geometry": {"type": "Point", "coordinates": [-76.1559036, 4.2143067]}, "properties": {"damage:date": "2026-08-10", "damage:event": "2026ColombiaEarthquake-Palmar", "damage:event:wikidata": "Q140984463", "damage:type": "earthquake", "destroyed:building": "yes", "osm_type": "way", "osm_id": 1558828188}}, {"type": "Feature", "geometry": {"type": "Point", "coordinates": [-76.1571731, 4.2144194]}, "properties": {"building": "yes", "damage:date": "2026-08-10", "damage:event": "2026ColombiaEarthquake-Palmar", "damage:event:wikidata": "Q140984463", "damage:type": "earthquake", "osm_type": "way", "osm_id": 1558838462}}, {"type": "Feature", "geometry": {"type": "Point", "coordinates": [-76.1570107, 4.2126292]}, "properties": {"building": "yes", "damage:date": "2026-08-10", "damage:event": "2026ColombiaEarthquake-Palmar", "damage:event:wikidata": "Q140984463", "damage:type": "earthquake", "osm_type": "way", "osm_id": 1558880361}}, {"type": "Feature", "geometry": {"type": "Point", "coordinates": [-76.1570986, 4.2130097]}, "properties": {"building": "yes", "damage:date": "2026-08-10", "damage:event": "2026ColombiaEarthquake-Palmar", "damage:event:wikidata": "Q140984463", "damage:type": "earthquake", "osm_type": "way", "osm_id": 1558880375}}, {"type": "Feature", "geometry": {"type": "Point", "coordinates": [-76.154983, 4.2108809]}, "properties": {"building": "yes", "damage:date": "2026-08-10", "damage:event": "2026ColombiaEarthquake-Palmar", "damage:event:wikidata": "Q140984463", "damage:type": "earthquake", "osm_type": "way", "osm_id": 1558893826}}, {"type": "Feature", "geometry": {"type": "Point", "coordinates": [-76.4285092, 3.9701524]}, "properties": {"damage:date": "2026-08-10", "damage:event": "2026ColombiaEarthquake-Palmar", "damage:event:wikidata": "Q140984463", "damage:type": "earthquake", "destroyed:building": "yes", "osm_type": "way", "osm_id": 1558933676}}, {"type": "Feature", "geometry": {"type": "Point", "coordinates": [-76.043162, 4.9120443]}, "properties": {"damage:date": "2026-08-10", "damage:event": "2026ColombiaEarthquake-Palmar", "damage:event:wikidata": "Q140984463", "damage:type": "earthquake", "destroyed:building": "yes", "osm_type": "way", "osm_id": 1558999526}}, {"type": "Feature", "geometry": {"type": "Point", "coordinates": [-76.0424388, 4.9120486]}, "properties": {"building": "yes", "damage:date": "2026-08-10", "damage:event": "2026ColombiaEarthquake-Palmar", "damage:event:wikidata": "Q140984463", "damage:type": "earthquake", "osm_type": "way", "osm_id": 1559003751}}, {"type": "Feature", "geometry": {"type": "Point", "coordinates": [-76.0434027, 4.9119626]}, "properties": {"building": "yes", "damage:date": "2026-08-10", "damage:event": "2026ColombiaEarthquake-Palmar", "damage:event:wikidata": "Q140984463", "damage:type": "earthquake", "osm_type": "way", "osm_id": 1559026022}}, {"type": "Feature", "geometry": {"type": "Point", "coordinates": [-76.0433588, 4.9120137]}, "properties": {"damage:date": "2026-08-10", "damage:event": "2026ColombiaEarthquake-Palmar", "damage:event:wikidata": "Q140984463", "damage:type": "earthquake", "destroyed:building": "yes", "osm_type": "way", "osm_id": 1559026023}}, {"type": "Feature", "geometry": {"type": "Point", "coordinates": [-76.0433067, 4.9120231]}, "properties": {"damage:date": "2026-08-10", "damage:event": "2026ColombiaEarthquake-Palmar", "damage:event:wikidata": "Q140984463", "damage:type": "earthquake", "destroyed:building": "yes", "osm_type": "way", "osm_id": 1559026024}}, {"type": "Feature", "geometry": {"type": "Point", "coordinates": [-76.0422717, 4.910961]}, "properties": {"building": "yes", "damage:date": "2026-08-10", "damage:event": "2026ColombiaEarthquake-Palmar", "damage:event:wikidata": "Q140984463", "damage:type": "earthquake", "osm_type": "way", "osm_id": 1559031529}}, {"type": "Feature", "geometry": {"type": "Point", "coordinates": [-76.0421805, 4.9110417]}, "properties": {"building": "yes", "damage:date": "2026-08-10", "damage:event": "2026ColombiaEarthquake-Palmar", "damage:event:wikidata": "Q140984463", "damage:type": "earthquake", "osm_type": "way", "osm_id": 1559031530}}, {"type": "Feature", "geometry": {"type": "Point", "coordinates": [-76.0425494, 4.9105225]}, "properties": {"building": "yes", "damage:date": "2026-08-10", "damage:event": "2026ColombiaEarthquake-Palmar", "damage:event:wikidata": "Q140984463", "damage:type": "earthquake", "osm_type": "way", "osm_id": 1559031542}}, {"type": "Feature", "geometry": {"type": "Point", "coordinates": [-76.0408025, 4.9094943]}, "properties": {"building": "yes", "damage:date": "2026-08-10", "damage:event": "2026ColombiaEarthquake-Palmar", "damage:event:wikidata": "Q140984463", "damage:type": "earthquake", "osm_type": "way", "osm_id": 1559112126}}, {"type": "Feature", "geometry": {"type": "Point", "coordinates": [-76.0415709, 4.9084509]}, "properties": {"building": "yes", "damage:date": "2026-08-10", "damage:event": "2026ColombiaEarthquake-Palmar", "damage:event:wikidata": "Q140984463", "damage:type": "earthquake", "osm_type": "way", "osm_id": 1559122424}}, {"type": "Feature", "geometry": {"type": "Point", "coordinates": [-76.0414729, 4.9086895]}, "properties": {"building": "yes", "damage:date": "2026-08-10", "damage:event": "2026ColombiaEarthquake-Palmar", "damage:event:wikidata": "Q140984463", "damage:type": "earthquake", "osm_type": "way", "osm_id": 1559122427}}, {"type": "Feature", "geometry": {"type": "Point", "coordinates": [-76.0417941, 4.9086391]}, "properties": {"building": "yes", "damage:date": "2026-08-10", "damage:event": "2026ColombiaEarthquake-Palmar", "damage:event:wikidata": "Q140984463", "damage:type": "earthquake", "osm_type": "way", "osm_id": 1559123476}}, {"type": "Feature", "geometry": {"type": "Point", "coordinates": [-75.7500317, 4.8059418]}, "properties": {"damage:date": "2026-08-10", "damage:event": "2026ColombiaEarthquake-Palmar", "damage:event:wikidata": "Q140984463", "damage:type": "earthquake", "destroyed:building": "yes", "earthquake:damage": "collapsed_building", "osm_type": "way", "osm_id": 1559153256}}, {"type": "Feature", "geometry": {"type": "Point", "coordinates": [-76.0433268, 4.9049282]}, "properties": {"building": "yes", "damage:date": "2026-08-10", "damage:event": "2026ColombiaEarthquake-Palmar", "damage:event:wikidata": "Q140984463", "damage:type": "earthquake", "osm_type": "way", "osm_id": 1559219765}}, {"type": "Feature", "geometry": {"type": "Point", "coordinates": [-76.0393816, 4.9132229]}, "properties": {"building": "yes", "damage:date": "2026-08-10", "damage:event": "2026ColombiaEarthquake-Palmar", "damage:event:wikidata": "Q140984463", "damage:type": "earthquake", "osm_type": "way", "osm_id": 1559219777}}, {"type": "Feature", "geometry": {"type": "Point", "coordinates": [-76.0399491, 4.9120924]}, "properties": {"building": "yes", "damage:date": "2026-08-10", "damage:event": "2026ColombiaEarthquake-Palmar", "damage:event:wikidata": "Q140984463", "damage:type": "earthquake", "osm_type": "way", "osm_id": 1559220353}}, {"type": "Feature", "geometry": {"type": "Point", "coordinates": [-76.0432311, 4.9118389]}, "properties": {"building": "yes", "damage:date": "2026-08-10", "damage:event": "2026ColombiaEarthquake-Palmar", "damage:event:wikidata": "Q140984463", "damage:type": "earthquake", "osm_type": "way", "osm_id": 1559223825}}, {"type": "Feature", "geometry": {"type": "Point", "coordinates": [-76.0431976, 4.9118027]}, "properties": {"building": "yes", "damage:date": "2026-08-10", "damage:event": "2026ColombiaEarthquake-Palmar", "damage:event:wikidata": "Q140984463", "damage:type": "earthquake", "osm_type": "way", "osm_id": 1559223827}}, {"type": "Feature", "geometry": {"type": "Point", "coordinates": [-76.043132, 4.9118633]}, "properties": {"damage:date": "2026-08-10", "damage:event": "2026ColombiaEarthquake-Palmar", "damage:event:wikidata": "Q140984463", "damage:type": "earthquake", "destroyed:building": "yes", "osm_type": "way", "osm_id": 1559223828}}, {"type": "Feature", "geometry": {"type": "Point", "coordinates": [-76.0432943, 4.9118745]}, "properties": {"building": "yes", "damage:date": "2026-08-10", "damage:event": "2026ColombiaEarthquake-Palmar", "damage:event:wikidata": "Q140984463", "damage:type": "earthquake", "osm_type": "way", "osm_id": 1559223830}}, {"type": "Feature", "geometry": {"type": "Point", "coordinates": [-76.0432506, 4.9118996]}, "properties": {"damage:date": "2026-08-10", "damage:event": "2026ColombiaEarthquake-Palmar", "damage:event:wikidata": "Q140984463", "damage:type": "earthquake", "destroyed:building": "yes", "osm_type": "way", "osm_id": 1559223831}}, {"type": "Feature", "geometry": {"type": "Point", "coordinates": [-76.0431015, 4.9118286]}, "properties": {"damage:date": "2026-08-10", "damage:event": "2026ColombiaEarthquake-Palmar", "damage:event:wikidata": "Q140984463", "damage:type": "earthquake", "destroyed:building": "yes", "osm_type": "way", "osm_id": 1559223832}}, {"type": "Feature", "geometry": {"type": "Point", "coordinates": [-76.043204, 4.912031]}, "properties": {"building": "yes", "damage:date": "2026-08-10", "damage:event": "2026ColombiaEarthquake-Palmar", "damage:event:wikidata": "Q140984463", "damage:type": "earthquake", "osm_type": "way", "osm_id": 1559223834}}, {"type": "Feature", "geometry": {"type": "Point", "coordinates": [-76.0432294, 4.9116008]}, "properties": {"building": "yes", "damage:date": "2026-08-10", "damage:event": "2026ColombiaEarthquake-Palmar", "damage:event:wikidata": "Q140984463", "damage:type": "earthquake", "osm_type": "way", "osm_id": 1559223837}}, {"type": "Feature", "geometry": {"type": "Point", "coordinates": [-76.0405789, 4.9114012]}, "properties": {"building": "yes", "damage:date": "2026-08-10", "damage:event": "2026ColombiaEarthquake-Palmar", "damage:event:wikidata": "Q140984463", "damage:type": "earthquake", "osm_type": "way", "osm_id": 1559224775}}, {"type": "Feature", "geometry": {"type": "Point", "coordinates": [-76.0406205, 4.9113274]}, "properties": {"building": "yes", "damage:date": "2026-08-10", "damage:event": "2026ColombiaEarthquake-Palmar", "damage:event:wikidata": "Q140984463", "damage:type": "earthquake", "osm_type": "way", "osm_id": 1559224776}}, {"type": "Feature", "geometry": {"type": "Point", "coordinates": [-76.0406499, 4.9112573]}, "properties": {"building": "yes", "damage:date": "2026-08-10", "damage:event": "2026ColombiaEarthquake-Palmar", "damage:event:wikidata": "Q140984463", "damage:type": "earthquake", "osm_type": "way", "osm_id": 1559224777}}, {"type": "Feature", "geometry": {"type": "Point", "coordinates": [-76.0407967, 4.9110147]}, "properties": {"building": "yes", "damage:date": "2026-08-10", "damage:event": "2026ColombiaEarthquake-Palmar", "damage:event:wikidata": "Q140984463", "damage:type": "earthquake", "osm_type": "way", "osm_id": 1559224781}}, {"type": "Feature", "geometry": {"type": "Point", "coordinates": [-76.0409949, 4.9105534]}, "properties": {"building": "yes", "damage:date": "2026-08-10", "damage:event": "2026ColombiaEarthquake-Palmar", "damage:event:wikidata": "Q140984463", "damage:type": "earthquake", "osm_type": "way", "osm_id": 1559224785}}, {"type": "Feature", "geometry": {"type": "Point", "coordinates": [-76.0410026, 4.9110704]}, "properties": {"building": "hospital", "damage:date": "2026-08-10", "damage:event": "2026ColombiaEarthquake-Palmar", "damage:event:wikidata": "Q140984463", "damage:type": "earthquake", "osm_type": "way", "osm_id": 1559224807}}, {"type": "Feature", "geometry": {"type": "Point", "coordinates": [-76.0408587, 4.9113553]}, "properties": {"building": "yes", "damage:date": "2026-08-10", "damage:event": "2026ColombiaEarthquake-Palmar", "damage:event:wikidata": "Q140984463", "damage:type": "earthquake", "osm_type": "way", "osm_id": 1559224812}}, {"type": "Feature", "geometry": {"type": "Point", "coordinates": [-76.0414202, 4.9107495]}, "properties": {"building": "yes", "damage:date": "2026-08-10", "damage:event": "2026ColombiaEarthquake-Palmar", "damage:event:wikidata": "Q140984463", "damage:type": "earthquake", "osm_type": "way", "osm_id": 1559224816}}, {"type": "Feature", "geometry": {"type": "Point", "coordinates": [-76.0416005, 4.9110791]}, "properties": {"building": "yes", "damage:date": "2026-08-10", "damage:event": "2026ColombiaEarthquake-Palmar", "damage:event:wikidata": "Q140984463", "damage:type": "earthquake", "osm_type": "way", "osm_id": 1559224820}}, {"type": "Feature", "geometry": {"type": "Point", "coordinates": [-76.0417481, 4.9109111]}, "properties": {"building": "yes", "damage:date": "2026-08-10", "damage:event": "2026ColombiaEarthquake-Palmar", "damage:event:wikidata": "Q140984463", "damage:type": "earthquake", "osm_type": "way", "osm_id": 1559224823}}, {"type": "Feature", "geometry": {"type": "Point", "coordinates": [-76.0421048, 4.9093402]}, "properties": {"building": "yes", "damage:date": "2026-08-10", "damage:event": "2026ColombiaEarthquake-Palmar", "damage:event:wikidata": "Q140984463", "damage:type": "earthquake", "osm_type": "way", "osm_id": 1559225970}}, {"type": "Feature", "geometry": {"type": "Point", "coordinates": [-76.0408353, 4.9109579]}, "properties": {"building": "yes", "damage:date": "2026-08-10", "damage:event": "2026ColombiaEarthquake-Palmar", "damage:event:wikidata": "Q140984463", "damage:type": "earthquake", "osm_type": "way", "osm_id": 1559227478}}, {"type": "Feature", "geometry": {"type": "Point", "coordinates": [-76.0407568, 4.9110952]}, "properties": {"damage:date": "2026-08-10", "damage:event": "2026ColombiaEarthquake-Palmar", "damage:event:wikidata": "Q140984463", "damage:type": "earthquake", "destroyed:building": "yes", "osm_type": "way", "osm_id": 1559227479}}, {"type": "Feature", "geometry": {"type": "Point", "coordinates": [-76.0405966, 4.9117935]}, "properties": {"damage:date": "2026-08-10", "damage:event": "2026ColombiaEarthquake-Palmar", "damage:event:wikidata": "Q140984463", "damage:type": "earthquake", "destroyed:building": "yes", "osm_type": "way", "osm_id": 1559227480}}, {"type": "Feature", "geometry": {"type": "Point", "coordinates": [-76.0409487, 4.9106872]}, "properties": {"building": "yes", "damage:date": "2026-08-10", "damage:event": "2026ColombiaEarthquake-Palmar", "damage:event:wikidata": "Q140984463", "damage:type": "earthquake", "osm_type": "way", "osm_id": 1559227483}}, {"type": "Feature", "geometry": {"type": "Point", "coordinates": [-76.0408906, 4.9108088]}, "properties": {"building": "yes", "damage:date": "2026-08-10", "damage:event": "2026ColombiaEarthquake-Palmar", "damage:event:wikidata": "Q140984463", "damage:type": "earthquake", "osm_type": "way", "osm_id": 1559227484}}, {"type": "Feature", "geometry": {"type": "Point", "coordinates": [-76.0411908, 4.9107809]}, "properties": {"building": "yes", "damage:date": "2026-08-10", "damage:event": "2026ColombiaEarthquake-Palmar", "damage:event:wikidata": "Q140984463", "damage:type": "earthquake", "osm_type": "way", "osm_id": 1559227486}}, {"type": "Feature", "geometry": {"type": "Point", "coordinates": [-76.041595, 4.9104841]}, "properties": {"building": "yes", "damage:date": "2026-08-10", "damage:event": "2026ColombiaEarthquake-Palmar", "damage:event:wikidata": "Q140984463", "damage:type": "earthquake", "osm_type": "way", "osm_id": 1559227489}}, {"type": "Feature", "geometry": {"type": "Point", "coordinates": [-76.0416853, 4.9106673]}, "properties": {"building": "yes", "damage:date": "2026-08-10", "damage:event": "2026ColombiaEarthquake-Palmar", "damage:event:wikidata": "Q140984463", "damage:type": "earthquake", "osm_type": "way", "osm_id": 1559227496}}, {"type": "Feature", "geometry": {"type": "Point", "coordinates": [-76.0418274, 4.9111347]}, "properties": {"building": "yes", "damage:date": "2026-08-10", "damage:event": "2026ColombiaEarthquake-Palmar", "damage:event:wikidata": "Q140984463", "damage:type": "earthquake", "osm_type": "way", "osm_id": 1559227499}}, {"type": "Feature", "geometry": {"type": "Point", "coordinates": [-76.0413839, 4.9081445]}, "properties": {"building": "yes", "damage:date": "2026-08-10", "damage:event": "2026ColombiaEarthquake-Palmar", "damage:event:wikidata": "Q140984463", "damage:type": "earthquake", "osm_type": "way", "osm_id": 1559230348}}, {"type": "Feature", "geometry": {"type": "Point", "coordinates": [-76.0845338, 4.3186256]}, "properties": {"building": "yes", "damage:date": "2026-08-10", "damage:event": "2026ColombiaEarthquake-Palmar", "damage:event:wikidata": "Q140984463", "damage:type": "earthquake", "destroyed:building": "yes", "osm_type": "way", "osm_id": 1559239455}}, {"type": "Feature", "geometry": {"type": "Point", "coordinates": [-76.1536497, 4.2117125]}, "properties": {"building": "yes", "damage:date": "2026-08-10", "damage:event": "2026ColombiaEarthquake-Palmar", "damage:event:wikidata": "Q140984463", "damage:type": "earthquake", "osm_type": "way", "osm_id": 1559259407}}, {"type": "Feature", "geometry": {"type": "Point", "coordinates": [-76.1537496, 4.2117259]}, "properties": {"building": "yes", "damage:date": "2026-08-10", "damage:event": "2026ColombiaEarthquake-Palmar", "damage:event:wikidata": "Q140984463", "damage:type": "earthquake", "osm_type": "way", "osm_id": 1559259408}}, {"type": "Feature", "geometry": {"type": "Point", "coordinates": [-76.1543998, 4.2115102]}, "properties": {"building": "yes", "damage:date": "2026-08-10", "damage:event": "2026ColombiaEarthquake-Palmar", "damage:event:wikidata": "Q140984463", "damage:type": "earthquake", "osm_type": "way", "osm_id": 1559261989}}, {"type": "Feature", "geometry": {"type": "Point", "coordinates": [-76.1540737, 4.2109338]}, "properties": {"building": "yes", "damage:date": "2026-08-10", "damage:event": "2026ColombiaEarthquake-Palmar", "damage:event:wikidata": "Q140984463", "damage:type": "earthquake", "osm_type": "way", "osm_id": 1559262007}}, {"type": "Feature", "geometry": {"type": "Point", "coordinates": [-76.1542083, 4.2107188]}, "properties": {"damage:date": "2026-08-10", "damage:event": "2026ColombiaEarthquake-Palmar", "damage:event:wikidata": "Q140984463", "damage:type": "earthquake", "destroyed:building": "yes", "osm_type": "way", "osm_id": 1559262010}}, {"type": "Feature", "geometry": {"type": "Point", "coordinates": [-76.154421, 4.2107645]}, "properties": {"building": "yes", "damage:date": "2026-08-10", "damage:event": "2026ColombiaEarthquake-Palmar", "damage:event:wikidata": "Q140984463", "damage:type": "earthquake", "osm_type": "way", "osm_id": 1559262015}}, {"type": "Feature", "geometry": {"type": "Point", "coordinates": [-76.1542728, 4.2110336]}, "properties": {"building": "yes", "damage:date": "2026-08-10", "damage:event": "2026ColombiaEarthquake-Palmar", "damage:event:wikidata": "Q140984463", "damage:type": "earthquake", "osm_type": "way", "osm_id": 1559262024}}, {"type": "Feature", "geometry": {"type": "Point", "coordinates": [-76.1522709, 4.211777]}, "properties": {"damage:date": "2026-08-10", "damage:event": "2026ColombiaEarthquake-Palmar", "damage:event:wikidata": "Q140984463", "damage:type": "earthquake", "destroyed:building": "yes", "osm_type": "way", "osm_id": 1559265168}}, {"type": "Feature", "geometry": {"type": "Point", "coordinates": [-76.1522817, 4.2117278]}, "properties": {"building": "yes", "damage:date": "2026-08-10", "damage:event": "2026ColombiaEarthquake-Palmar", "damage:event:wikidata": "Q140984463", "damage:type": "earthquake", "osm_type": "way", "osm_id": 1559265192}}, {"type": "Feature", "geometry": {"type": "Point", "coordinates": [-76.152423, 4.2106535]}, "properties": {"building": "yes", "damage:date": "2026-08-10", "damage:event": "2026ColombiaEarthquake-Palmar", "damage:event:wikidata": "Q140984463", "damage:type": "earthquake", "osm_type": "way", "osm_id": 1559268479}}, {"type": "Feature", "geometry": {"type": "Point", "coordinates": [-76.1528878, 4.2100308]}, "properties": {"building": "yes", "damage:date": "2026-08-10", "damage:event": "2026ColombiaEarthquake-Palmar", "damage:event:wikidata": "Q140984463", "damage:type": "earthquake", "osm_type": "way", "osm_id": 1559268498}}, {"type": "Feature", "geometry": {"type": "Point", "coordinates": [-76.1528728, 4.2099376]}, "properties": {"damage:date": "2026-08-10", "damage:event": "2026ColombiaEarthquake-Palmar", "damage:event:wikidata": "Q140984463", "damage:type": "earthquake", "destroyed:building": "yes", "osm_type": "way", "osm_id": 1559268501}}, {"type": "Feature", "geometry": {"type": "Point", "coordinates": [-76.1529273, 4.2098353]}, "properties": {"damage:date": "2026-08-10", "damage:event": "2026ColombiaEarthquake-Palmar", "damage:event:wikidata": "Q140984463", "damage:type": "earthquake", "destroyed:building": "yes", "osm_type": "way", "osm_id": 1559268504}}, {"type": "Feature", "geometry": {"type": "Point", "coordinates": [-76.1527126, 4.209913]}, "properties": {"building": "yes", "damage:date": "2026-08-10", "damage:event": "2026ColombiaEarthquake-Palmar", "damage:event:wikidata": "Q140984463", "damage:type": "earthquake", "osm_type": "way", "osm_id": 1559268509}}, {"type": "Feature", "geometry": {"type": "Point", "coordinates": [-76.0873289, 4.3186434]}, "properties": {"building": "yes", "damage:date": "2026-08-10", "damage:event": "2026ColombiaEarthquake-Palmar", "damage:event:wikidata": "Q140984463", "damage:type": "earthquake", "osm_type": "way", "osm_id": 1559383633}}, {"type": "Feature", "geometry": {"type": "Point", "coordinates": [-76.0869256, 4.3192205]}, "properties": {"building": "yes", "damage:date": "2026-08-10", "damage:event": "2026ColombiaEarthquake-Palmar", "damage:event:wikidata": "Q140984463", "damage:type": "earthquake", "osm_type": "way", "osm_id": 1559383634}}, {"type": "Feature", "geometry": {"type": "Point", "coordinates": [-76.0867968, 4.3189692]}, "properties": {"building": "yes", "damage:date": "2026-08-10", "damage:event": "2026ColombiaEarthquake-Palmar", "damage:event:wikidata": "Q140984463", "damage:type": "earthquake", "osm_type": "way", "osm_id": 1559383635}}, {"type": "Feature", "geometry": {"type": "Point", "coordinates": [-76.2180295, 4.7501986]}, "properties": {"building": "yes", "damage:date": "2026-08-10", "damage:event": "2026ColombiaEarthquake-Palmar", "damage:event:wikidata": "Q140984463", "damage:type": "earthquake", "osm_type": "way", "osm_id": 1559386642}}, {"type": "Feature", "geometry": {"type": "Point", "coordinates": [-76.2183266, 4.750205]}, "properties": {"building": "yes", "damage:date": "2026-08-10", "damage:event": "2026ColombiaEarthquake-Palmar", "damage:event:wikidata": "Q140984463", "damage:type": "earthquake", "osm_type": "way", "osm_id": 1559386643}}, {"type": "Feature", "geometry": {"type": "Point", "coordinates": [-76.2180586, 4.7501357]}, "properties": {"building": "yes", "damage:date": "2026-08-10", "damage:event": "2026ColombiaEarthquake-Palmar", "damage:event:wikidata": "Q140984463", "damage:type": "earthquake", "osm_type": "way", "osm_id": 1559386650}}, {"type": "Feature", "geometry": {"type": "Point", "coordinates": [-76.2182813, 4.7489276]}, "properties": {"building": "yes", "damage:date": "2026-08-10", "damage:event": "2026ColombiaEarthquake-Palmar", "damage:event:wikidata": "Q140984463", "damage:type": "earthquake", "osm_type": "way", "osm_id": 1559386736}}, {"type": "Feature", "geometry": {"type": "Point", "coordinates": [-76.1515469, 4.2117895]}, "properties": {"damage:date": "2026-08-10", "damage:event": "2026ColombiaEarthquake-Palmar", "damage:event:wikidata": "Q140984463", "damage:type": "earthquake", "destroyed:building": "yes", "osm_type": "way", "osm_id": 1559926834}}, {"type": "Feature", "geometry": {"type": "Point", "coordinates": [-76.2202974, 4.7623448]}, "properties": {"building": "yes", "damage:date": "2026-08-10", "damage:event": "2026ColombiaEarthquake-Palmar", "damage:event:wikidata": "Q140984463", "damage:type": "earthquake", "osm_type": "way", "osm_id": 1560034529}}, {"type": "Feature", "geometry": {"type": "Point", "coordinates": [-76.2199377, 4.7626559]}, "properties": {"building": "yes", "damage:date": "2026-08-10", "damage:event": "2026ColombiaEarthquake-Palmar", "damage:event:wikidata": "wikidata=Q140984463", "damage:type": "earthquake", "osm_type": "way", "osm_id": 1560034531}}, {"type": "Feature", "geometry": {"type": "Point", "coordinates": [-76.2198794, 4.7624934]}, "properties": {"building": "yes", "damage:date": "2026-08-10", "damage:event": "2026ColombiaEarthquake-Palmar", "damage:event:wikidata": "Q140984463", "damage:type": "earthquake", "osm_type": "way", "osm_id": 1560034534}}, {"type": "Feature", "geometry": {"type": "Point", "coordinates": [-76.2201226, 4.762191]}, "properties": {"building": "yes", "damage:date": "2026-08-10", "damage:event": "2026ColombiaEarthquake-Palmar", "damage:event:wikidata": "Q140984463", "damage:type": "earthquake", "osm_type": "way", "osm_id": 1560042179}}, {"type": "Feature", "geometry": {"type": "Point", "coordinates": [-76.2196644, 4.7620374]}, "properties": {"damage:date": "2026-08-10", "damage:event": "2026ColombiaEarthquake-Palmar", "damage:event:wikidata": "Q140984463", "damage:type": "earthquake", "destroyed:building": "yes", "osm_type": "way", "osm_id": 1560042186}}, {"type": "Feature", "geometry": {"type": "Point", "coordinates": [-76.2198095, 4.7616413]}, "properties": {"building": "yes", "damage:date": "2026-08-10", "damage:event": "2026ColombiaEarthquake-Palmar", "damage:event:wikidata": "Q140984463", "damage:type": "earthquake", "osm_type": "way", "osm_id": 1560042197}}, {"type": "Feature", "geometry": {"type": "Point", "coordinates": [-76.2200778, 4.7612888]}, "properties": {"building": "yes", "damage:date": "2026-08-10", "damage:event": "2026ColombiaEarthquake-Palmar", "damage:event:wikidata": "Q140984463", "damage:type": "earthquake", "osm_type": "way", "osm_id": 1560042202}}, {"type": "Feature", "geometry": {"type": "Point", "coordinates": [-76.2198768, 4.7609852]}, "properties": {"building": "yes", "damage:date": "2026-08-10", "damage:event": "2026ColombiaEarthquake-Palmar", "damage:event:wikidata": "Q140984463", "damage:type": "earthquake", "osm_type": "way", "osm_id": 1560042209}}, {"type": "Feature", "geometry": {"type": "Point", "coordinates": [-76.2198108, 4.7608948]}, "properties": {"building": "yes", "damage:date": "2026-08-10", "damage:event": "2026ColombiaEarthquake-Palmar", "damage:event:wikidata": "Q140984463", "damage:type": "earthquake", "osm_type": "way", "osm_id": 1560042213}}, {"type": "Feature", "geometry": {"type": "Point", "coordinates": [-76.2202765, 4.7611078]}, "properties": {"building": "yes", "damage:date": "2026-08-10", "damage:event": "2026ColombiaEarthquake-Palmar", "damage:event:wikidata": "Q140984463", "damage:type": "earthquake", "osm_type": "way", "osm_id": 1560042216}}, {"type": "Feature", "geometry": {"type": "Point", "coordinates": [-76.2200313, 4.7609244]}, "properties": {"building": "yes", "damage:date": "2026-08-10", "damage:event": "2026ColombiaEarthquake-Palmar", "damage:event:wikidata": "Q140984463", "damage:type": "earthquake", "osm_type": "way", "osm_id": 1560042218}}, {"type": "Feature", "geometry": {"type": "Point", "coordinates": [-76.2199595, 4.7608524]}, "properties": {"building": "yes", "damage:date": "2026-08-10", "damage:event": "2026ColombiaEarthquake-Palmar", "damage:event:wikidata": "Q140984463", "damage:type": "earthquake", "osm_type": "way", "osm_id": 1560042219}}, {"type": "Feature", "geometry": {"type": "Point", "coordinates": [-76.2202289, 4.7604976]}, "properties": {"building": "yes", "damage:date": "2026-08-10", "damage:event": "2026ColombiaEarthquake-Palmar", "damage:event:wikidata": "Q140984463", "damage:type": "earthquake", "osm_type": "way", "osm_id": 1560042225}}, {"type": "Feature", "geometry": {"type": "Point", "coordinates": [-76.2199665, 4.7605096]}, "properties": {"building": "yes", "damage:date": "2026-08-10", "damage:event": "2026ColombiaEarthquake-Palmar", "damage:event:wikidata": "Q140984463", "damage:type": "earthquake", "osm_type": "way", "osm_id": 1560042232}}, {"type": "Feature", "geometry": {"type": "Point", "coordinates": [-76.2197974, 4.7606434]}, "properties": {"building": "yes", "damage:date": "2026-08-10", "damage:event": "2026ColombiaEarthquake-Palmar", "damage:event:wikidata": "Q140984463", "damage:type": "earthquake", "osm_type": "way", "osm_id": 1560042234}}, {"type": "Feature", "geometry": {"type": "Point", "coordinates": [-76.2195317, 4.7606388]}, "properties": {"building": "yes", "damage:date": "2026-08-10", "damage:event": "2026ColombiaEarthquake-Palmar", "damage:event:wikidata": "Q140984463", "damage:type": "earthquake", "osm_type": "way", "osm_id": 1560042248}}, {"type": "Feature", "geometry": {"type": "Point", "coordinates": [-76.2196853, 4.7607989]}, "properties": {"building": "yes", "damage:date": "2026-08-10", "damage:event": "2026ColombiaEarthquake-Palmar", "damage:event:wikidata": "Q140984463", "damage:type": "earthquake", "osm_type": "way", "osm_id": 1560042250}}, {"type": "Feature", "geometry": {"type": "Point", "coordinates": [-76.2203864, 4.761509]}, "properties": {"building": "yes", "damage:date": "2026-08-10", "damage:event": "2026ColombiaEarthquake-Palmar", "damage:event:wikidata": "Q140984463", "damage:type": "earthquake", "osm_type": "way", "osm_id": 1560042260}}, {"type": "Feature", "geometry": {"type": "Point", "coordinates": [-76.2203885, 4.7619192]}, "properties": {"building": "yes", "damage:date": "2026-08-10", "damage:event": "2026ColombiaEarthquake-Palmar", "damage:event:wikidata": "Q140984463", "damage:type": "earthquake", "osm_type": "way", "osm_id": 1560042265}}, {"type": "Feature", "geometry": {"type": "Point", "coordinates": [-76.2203119, 4.7620099]}, "properties": {"building": "yes", "damage:date": "2026-08-10", "damage:event": "2026ColombiaEarthquake-Palmar", "damage:event:wikidata": "Q140984463", "damage:type": "earthquake", "osm_type": "way", "osm_id": 1560042276}}, {"type": "Feature", "geometry": {"type": "Point", "coordinates": [-76.2202762, 4.7625606]}, "properties": {"building": "yes", "damage:date": "2026-08-10", "damage:event": "2026ColombiaEarthquake-Palmar", "damage:event:wikidata": "Q140984463", "damage:type": "earthquake", "osm_type": "way", "osm_id": 1560042277}}, {"type": "Feature", "geometry": {"type": "Point", "coordinates": [-76.4869326, 3.9279271]}, "properties": {"damage:date": "2026-08-10", "damage:event": "2026ColombiaEarthquake-Palmar", "damage:event:wikidata": "Q140984463", "damage:type": "earthquake", "destroyed:building": "yes", "osm_type": "way", "osm_id": 1560102581}}, {"type": "Feature", "geometry": {"type": "Point", "coordinates": [-76.477398, 3.9337461]}, "properties": {"damage:date": "2026-08-10", "damage:event": "2026ColombiaEarthquake-Palmar", "damage:event:wikidata": "Q140984463", "damage:type": "earthquake", "destroyed:building": "yes", "osm_type": "way", "osm_id": 1560109471}}, {"type": "Feature", "geometry": {"type": "Point", "coordinates": [-76.4784139, 3.9312493]}, "properties": {"damage:date": "2026-08-10", "damage:event": "2026ColombiaEarthquake-Palmar", "damage:event:wikidata": "Q140984463", "damage:type": "earthquake", "osm_type": "way", "osm_id": 1560130702}}, {"type": "Feature", "geometry": {"type": "Point", "coordinates": [-76.4779212, 3.9319014]}, "properties": {"damage:date": "2026-08-10", "damage:event": "2026ColombiaEarthquake-Palmar", "damage:event:wikidata": "Q140984463", "damage:type": "earthquake", "destorty: building": "yes", "osm_type": "way", "osm_id": 1560137738}}, {"type": "Feature", "geometry": {"type": "Point", "coordinates": [-76.2220825, 4.7623388]}, "properties": {"building": "yes", "damage:date": "2026-08-10", "damage:event": "2026ColombiaEarthquake-Palmar", "damage:event:wikidata": "Q140984463", "damage:type": "earthquake", "osm_type": "way", "osm_id": 1560155512}}, {"type": "Feature", "geometry": {"type": "Point", "coordinates": [-76.2223549, 4.7620657]}, "properties": {"building": "yes", "damage:date": "2026-08-10", "damage:event": "2026ColombiaEarthquake-Palmar", "damage:event:wikidata": "Q140984463", "damage:type": "earthquake", "osm_type": "way", "osm_id": 1560155515}}, {"type": "Feature", "geometry": {"type": "Point", "coordinates": [-76.2221414, 4.7619095]}, "properties": {"building": "yes", "damage:date": "2026-08-10", "damage:event": "2026ColombiaEarthquake-Palmar", "damage:event:wikidata": "Q140984463", "damage:type": "earthquake", "osm_type": "way", "osm_id": 1560155519}}, {"type": "Feature", "geometry": {"type": "Point", "coordinates": [-76.2221638, 4.7613238]}, "properties": {"building": "yes", "damage:date": "2026-08-10", "damage:event": "2026ColombiaEarthquake-Palmar", "damage:event:wikidata": "Q140984463", "damage:type": "earthquake", "osm_type": "way", "osm_id": 1560155528}}, {"type": "Feature", "geometry": {"type": "Point", "coordinates": [-76.2223874, 4.7616373]}, "properties": {"damage:date": "2026-08-10", "damage:event": "2026ColombiaEarthquake-Palmar", "damage:event:wikidata": "Q140984463", "damage:type": "earthquake", "destroyed:building": "yes", "osm_type": "way", "osm_id": 1560155530}}, {"type": "Feature", "geometry": {"type": "Point", "coordinates": [-76.2224708, 4.7613925]}, "properties": {"damage:date": "2026-08-10", "damage:event": "2026ColombiaEarthquake-Palmar", "damage:event:wikidata": "Q140984463", "damage:type": "earthquake", "destroyed:building": "yes", "osm_type": "way", "osm_id": 1560155532}}, {"type": "Feature", "geometry": {"type": "Point", "coordinates": [-76.2225207, 4.7613443]}, "properties": {"building": "yes", "damage:date": "2026-08-10", "damage:event": "2026ColombiaEarthquake-Palmar", "damage:event:wikidata": "Q140984463", "damage:type": "earthquake", "osm_type": "way", "osm_id": 1560155533}}, {"type": "Feature", "geometry": {"type": "Point", "coordinates": [-76.2225519, 4.7612921]}, "properties": {"damage:date": "2026-08-10", "damage:event": "2026ColombiaEarthquake-Palmar", "damage:event:wikidata": "Q140984463", "damage:type": "earthquake", "destroyed:building": "yes", "osm_type": "way", "osm_id": 1560155534}}, {"type": "Feature", "geometry": {"type": "Point", "coordinates": [-76.2223878, 4.7613447]}, "properties": {"building": "yes", "damage:date": "2026-08-10", "damage:event": "2026ColombiaEarthquake-Palmar", "damage:event:wikidata": "Q140984463", "damage:type": "earthquake", "osm_type": "way", "osm_id": 1560155535}}, {"type": "Feature", "geometry": {"type": "Point", "coordinates": [-76.2223447, 4.7613073]}, "properties": {"building": "yes", "damage:date": "2026-08-10", "damage:event": "2026ColombiaEarthquake-Palmar", "damage:event:wikidata": "Q140984463", "damage:type": "earthquake", "osm_type": "way", "osm_id": 1560155536}}, {"type": "Feature", "geometry": {"type": "Point", "coordinates": [-76.2223029, 4.7612672]}, "properties": {"damage:date": "2026-08-10", "damage:event": "2026ColombiaEarthquake-Palmar", "damage:event:wikidata": "Q140984463", "damage:type": "earthquake", "destroyed:building": "yes", "osm_type": "way", "osm_id": 1560155537}}, {"type": "Feature", "geometry": {"type": "Point", "coordinates": [-76.2222553, 4.7611641]}, "properties": {"building": "yes", "damage:date": "2026-08-10", "damage:event": "2026ColombiaEarthquake-Palmar", "damage:event:wikidata": "wikidata=Q140984463", "damage:type": "earthquake", "osm_type": "way", "osm_id": 1560155539}}, {"type": "Feature", "geometry": {"type": "Point", "coordinates": [-76.222372, 4.761125]}, "properties": {"building": "yes", "damage:date": "2026-08-10", "damage:event": "2026ColombiaEarthquake-Palmar", "damage:event:wikidata": "Q140984463", "damage:type": "earthquake", "osm_type": "way", "osm_id": 1560155540}}, {"type": "Feature", "geometry": {"type": "Point", "coordinates": [-76.2224111, 4.7610575]}, "properties": {"building": "yes", "damage:date": "2026-08-10", "damage:event": "2026ColombiaEarthquake-Palmar", "damage:event:wikidatawww": "wikidata=Q140984463", "damage:type": "earthquake", "osm_type": "way", "osm_id": 1560155541}}, {"type": "Feature", "geometry": {"type": "Point", "coordinates": [-76.2225514, 4.7608752]}, "properties": {"building": "yes", "damage:date": "2026-08-10", "damage:event": "2026ColombiaEarthquake-Palmar", "damage:event:wikidata": "wikidata=Q140984463", "damage:type": "earthquake", "osm_type": "way", "osm_id": 1560155543}}, {"type": "Feature", "geometry": {"type": "Point", "coordinates": [-76.2226313, 4.7609308]}, "properties": {"building": "yes", "damage:date": "2026-08-10", "damage:event": "2026ColombiaEarthquake-Palmar", "damage:event:wikidata": "wikidata=Q140984463", "damage:type": "earthquake", "osm_type": "way", "osm_id": 1560155544}}, {"type": "Feature", "geometry": {"type": "Point", "coordinates": [-76.2225712, 4.7611461]}, "properties": {"building": "yes", "damage:date": "2026-08-10", "damage:event": "2026ColombiaEarthquake-Palmar", "damage:event:wikidata": "wikidata=Q140984463", "damage:type": "earthquake", "osm_type": "way", "osm_id": 1560155547}}, {"type": "Feature", "geometry": {"type": "Point", "coordinates": [-76.2226412, 4.7612218]}, "properties": {"building": "yes", "damage:date": "2026-08-10", "damage:event": "2026ColombiaEarthquake-Palmar", "damage:event:wikidata": "Q140984463", "damage:type": "earthquake", "osm_type": "way", "osm_id": 1560155548}}, {"type": "Feature", "geometry": {"type": "Point", "coordinates": [-76.2223253, 4.7615304]}, "properties": {"building": "yes", "damage:date": "2026-08-10", "damage:event": "2026ColombiaEarthquake-Palmar", "damage:event:wikidata": "Q140984463", "damage:type": "earthquake", "osm_type": "way", "osm_id": 1560155551}}, {"type": "Feature", "geometry": {"type": "Point", "coordinates": [-76.2218684, 4.762343]}, "properties": {"building": "yes", "damage:date": "2026-08-10", "damage:event": "2026ColombiaEarthquake-Palmar", "damage:event:wikidata": "Q140984463", "damage:type": "earthquake", "osm_type": "way", "osm_id": 1560167408}}, {"type": "Feature", "geometry": {"type": "Point", "coordinates": [-76.2219377, 4.7622509]}, "properties": {"building": "yes", "damage:date": "2026-08-10", "damage:event": "2026ColombiaEarthquake-Palmar", "damage:event:wikidata": "Q140984463", "damage:type": "earthquake", "osm_type": "way", "osm_id": 1560167409}}, {"type": "Feature", "geometry": {"type": "Point", "coordinates": [-76.2217362, 4.7622566]}, "properties": {"building": "yes", "damage:date": "2026-08-10", "damage:event": "2026ColombiaEarthquake-Palmar", "damage:event:wikidata": "Q140984463", "damage:type": "earthquake", "osm_type": "way", "osm_id": 1560167413}}, {"type": "Feature", "geometry": {"type": "Point", "coordinates": [-76.2219835, 4.7611503]}, "properties": {"building": "yes", "damage:date": "2026-08-10", "damage:event": "2026ColombiaEarthquake-Palmar", "damage:event:wikidata": "wikidata=Q140984463", "damage:type": "earthquake", "osm_type": "way", "osm_id": 1560168249}}, {"type": "Feature", "geometry": {"type": "Point", "coordinates": [-76.2218606, 4.7613548]}, "properties": {"building": "yes", "damage:date": "2026-08-10", "damage:event": "2026ColombiaEarthquake-Palmar", "damage:event:wikidata": "Q140984463", "damage:type": "earthquake", "osm_type": "way", "osm_id": 1560168250}}, {"type": "Feature", "geometry": {"type": "Point", "coordinates": [-76.2217986, 4.7613916]}, "properties": {"building": "yes", "damage:date": "2026-08-10", "damage:event": "2026ColombiaEarthquake-Palmar", "damage:event:wikidata": "wikidata=Q140984463", "damage:type": "earthquake", "osm_type": "way", "osm_id": 1560168251}}, {"type": "Feature", "geometry": {"type": "Point", "coordinates": [-76.2217467, 4.7614484]}, "properties": {"building": "yes", "damage:date": "2026-08-10", "damage:event": "2026ColombiaEarthquake-Palmar", "damage:event:wikidata": "Q140984463", "damage:type": "earthquake", "osm_type": "way", "osm_id": 1560168252}}, {"type": "Feature", "geometry": {"type": "Point", "coordinates": [-76.4874223, 3.9312856]}, "properties": {"building": "yes", "damage:date": "2026-08-10", "damage:event": "2026ColombiaEarthquake-Palmar", "damage:event:wikidata": "Q140984463", "damage:type": "earthquake", "osm_type": "way", "osm_id": 1560248069}}, {"type": "Feature", "geometry": {"type": "Point", "coordinates": [-76.4799362, 3.9361208]}, "properties": {"damage:date": "2026-08-10", "damage:event": "2026ColombiaEarthquake-Palmar", "damage:event:wikidata": "Q140984463", "damage:type": "earthquake", "destroyed:building": "yes", "osm_type": "way", "osm_id": 1560288576}}, {"type": "Feature", "geometry": {"type": "Point", "coordinates": [-76.4809645, 3.9359561]}, "properties": {"building": "yes", "damage:date": "2026-08-10", "damage:event": "2026ColombiaEarthquake-Palmar", "damage:event:wikidata": "Q140984463", "damage:type": "earthquake", "osm_type": "way", "osm_id": 1560309321}}, {"type": "Feature", "geometry": {"type": "Point", "coordinates": [-76.4872693, 3.9306693]}, "properties": {"building": "yes", "damage:date": "2026-08-10", "damage:event": "2026ColombiaEarthquake-Palmar", "damage:event:wikidata": "Q140984463", "damage:type": "earthquake", "osm_type": "way", "osm_id": 1560313376}}, {"type": "Feature", "geometry": {"type": "Point", "coordinates": [-76.4873434, 3.9307045]}, "properties": {"building": "yes", "damage:date": "2026-08-10", "damage:event": "2026ColombiaEarthquake-Palmar", "damage:event:wikidata": "Q140984463", "damage:type": "earthquake", "osm_type": "way", "osm_id": 1560313377}}, {"type": "Feature", "geometry": {"type": "Point", "coordinates": [-76.1588508, 4.2152607]}, "properties": {"building": "yes", "damage:date": "2026-08-10", "damage:event": "2026ColombiaEarthquake-Palmar", "damage:event:wikidata": "Q140984463", "damage:type": "earthquake", "osm_type": "way", "osm_id": 1560429126}}, {"type": "Feature", "geometry": {"type": "Point", "coordinates": [-76.1584711, 4.2156698]}, "properties": {"building": "yes", "damage:date": "2026-08-10", "damage:event": "2026ColombiaEarthquake-Palmar", "damage:event:wikidata": "Q140984463", "damage:type": "earthquake", "osm_type": "way", "osm_id": 1560430046}}, {"type": "Feature", "geometry": {"type": "Point", "coordinates": [-76.1587744, 4.215871]}, "properties": {"building": "yes", "damage:date": "2026-08-10", "damage:event": "2026ColombiaEarthquake-Palmar", "damage:event:wikidata": "Q140984463", "damage:type": "earthquake", "osm_type": "way", "osm_id": 1560430048}}, {"type": "Feature", "geometry": {"type": "Point", "coordinates": [-76.1587995, 4.2156027]}, "properties": {"building": "yes", "damage:date": "2026-08-10", "damage:event": "2026ColombiaEarthquake-Palmar", "damage:event:wikidata": "Q140984463", "damage:type": "earthquake", "osm_type": "way", "osm_id": 1560430052}}, {"type": "Feature", "geometry": {"type": "Point", "coordinates": [-76.1592624, 4.2156754]}, "properties": {"building": "yes", "damage:date": "2026-08-10", "damage:event": "2026ColombiaEarthquake-Palmar", "damage:event:wikidata": "Q140984463", "damage:type": "earthquake", "osm_type": "way", "osm_id": 1560430062}}, {"type": "Feature", "geometry": {"type": "Point", "coordinates": [-76.1594908, 4.2155979]}, "properties": {"damage:date": "2026-08-10", "damage:event": "2026ColombiaEarthquake-Palmar", "damage:event:wikidata": "Q140984463", "damage:type": "earthquake", "destroyed:building": "yes", "osm_type": "way", "osm_id": 1560430064}}, {"type": "Feature", "geometry": {"type": "Point", "coordinates": [-76.1595435, 4.2156043]}, "properties": {"damage:date": "2026-08-10", "damage:event": "2026ColombiaEarthquake-Palmar", "damage:event:wikidata": "Q140984463", "damage:type": "earthquake", "destroyed:building": "yes", "osm_type": "way", "osm_id": 1560430065}}, {"type": "Feature", "geometry": {"type": "Point", "coordinates": [-76.1577303, 4.2144992]}, "properties": {"damage:date": "2026-08-10", "damage:event": "2026ColombiaEarthquake-Palmar", "damage:event:wikidata": "Q140984463", "damage:type": "earthquake", "destroyed:building": "yes", "osm_type": "way", "osm_id": 1560433149}}, {"type": "Feature", "geometry": {"type": "Point", "coordinates": [-76.2216215, 4.7624585]}, "properties": {"building": "yes", "damage:date": "2026-08-10", "damage:event": "2026ColombiaEarthquake-Palmar", "damage:event:wikidata": "wikidata=Q140984463", "damage:type": "earthquake", "osm_type": "way", "osm_id": 1560491382}}, {"type": "Feature", "geometry": {"type": "Point", "coordinates": [-76.2215155, 4.7620859]}, "properties": {"building": "yes", "damage:date": "2026-08-10", "damage:event": "2026ColombiaEarthquake-Palmar", "damage:event:wikidata": "wikidata=Q140984463", "damage:type": "earthquake", "osm_type": "way", "osm_id": 1560491386}}, {"type": "Feature", "geometry": {"type": "Point", "coordinates": [-76.2214063, 4.7622451]}, "properties": {"building": "yes", "damage:date": "2026-08-10", "damage:event": "2026ColombiaEarthquake-Palmar", "damage:event:wikidata": "wikidata=Q140984463", "damage:type": "earthquake", "osm_type": "way", "osm_id": 1560491388}}, {"type": "Feature", "geometry": {"type": "Point", "coordinates": [-76.2215236, 4.7626001]}, "properties": {"building": "yes", "damage:date": "2026-08-10", "damage:event": "2026ColombiaEarthquake-Palmar", "damage:event:wikidata": "wikidata=Q140984463", "damage:type": "earthquake", "osm_type": "way", "osm_id": 1560491392}}, {"type": "Feature", "geometry": {"type": "Point", "coordinates": [-76.2212786, 4.7623312]}, "properties": {"building": "yes", "damage:date": "2026-08-10", "damage:event": "2026ColombiaEarthquake-Palmar", "damage:event:wikidata": "wikidata=Q140984463", "damage:type": "earthquake", "osm_type": "way", "osm_id": 1560491394}}, {"type": "Feature", "geometry": {"type": "Point", "coordinates": [-76.2210402, 4.7618024]}, "properties": {"building": "yes", "damage:date": "2026-08-10", "damage:event": "2026ColombiaEarthquake-Palmar", "damage:event:wikidata": "wikidata=Q140984463", "damage:type": "earthquake", "osm_type": "way", "osm_id": 1560491404}}, {"type": "Feature", "geometry": {"type": "Point", "coordinates": [-76.2212713, 4.7614964]}, "properties": {"building": "yes", "damage:date": "2026-08-10", "damage:event": "2026ColombiaEarthquake-Palmar", "damage:event:wikidata": "wikidata=Q140984463", "damage:type": "earthquake", "osm_type": "way", "osm_id": 1560491407}}, {"type": "Feature", "geometry": {"type": "Point", "coordinates": [-76.2211829, 4.7613854]}, "properties": {"building": "yes", "damage:date": "2026-08-10", "damage:event": "2026ColombiaEarthquake-Palmar", "damage:event:wikidata": "wikidata=Q140984463", "damage:type": "earthquake", "osm_type": "way", "osm_id": 1560491408}}, {"type": "Feature", "geometry": {"type": "Point", "coordinates": [-76.220741, 4.761439]}, "properties": {"building": "yes", "damage:date": "2026-08-10", "damage:event": "2026ColombiaEarthquake-Palmar", "damage:event:wikidata": "wikidata=Q140984463", "damage:type": "earthquake", "osm_type": "way", "osm_id": 1560491409}}, {"type": "Feature", "geometry": {"type": "Point", "coordinates": [-76.2216531, 4.7615729]}, "properties": {"building": "yes", "damage:date": "2026-08-10", "damage:event": "2026ColombiaEarthquake-Palmar", "damage:event:wikidata": "wikidata=Q140984463", "damage:type": "earthquake", "osm_type": "way", "osm_id": 1560491413}}, {"type": "Feature", "geometry": {"type": "Point", "coordinates": [-76.2205739, 4.7613381]}, "properties": {"building": "yes", "damage:date": "2026-08-10", "damage:event": "2026ColombiaEarthquake-Palmar", "damage:event:wikidata": "wikidata=Q140984463", "damage:type": "earthquake", "osm_type": "way", "osm_id": 1560491421}}, {"type": "Feature", "geometry": {"type": "Point", "coordinates": [-76.2204704, 4.7612715]}, "properties": {"building": "yes", "damage:date": "2026-08-10", "damage:event": "2026ColombiaEarthquake-Palmar", "damage:event:wikidata": "wikidata=Q140984463", "damage:type": "earthquake", "osm_type": "way", "osm_id": 1560491422}}, {"type": "Feature", "geometry": {"type": "Point", "coordinates": [-76.2205512, 4.7616627]}, "properties": {"building": "yes", "damage:date": "2026-08-10", "damage:event": "2026ColombiaEarthquake-Palmar", "damage:event:wikidata": "wikidata=Q140984463", "damage:type": "earthquake", "osm_type": "way", "osm_id": 1560491423}}, {"type": "Feature", "geometry": {"type": "Point", "coordinates": [-76.2204444, 4.7618351]}, "properties": {"building": "yes", "damage:date": "2026-08-10", "damage:event": "2026ColombiaEarthquake-Palmar", "damage:event:wikidata": "wikidata=Q140984463", "damage:type": "earthquake", "osm_type": "way", "osm_id": 1560491425}}, {"type": "Feature", "geometry": {"type": "Point", "coordinates": [-76.21975, 4.7684393]}, "properties": {"building": "yes", "damage:date": "2026-08-10", "damage:event": "2026ColombiaEarthquake-Palmar", "damage:event:wikidata": "Q140984463", "damage:type": "earthquake", "osm_type": "way", "osm_id": 1560616682}}, {"type": "Feature", "geometry": {"type": "Point", "coordinates": [-76.1567813, 4.2090217]}, "properties": {"building": "yes", "damage:date": "2026-08-10", "damage:event": "2026ColombiaEarthquake-Palmar", "damage:event:wikidata": "Q140984463", "damage:type": "earthquake", "osm_type": "way", "osm_id": 1560631072}}, {"type": "Feature", "geometry": {"type": "Point", "coordinates": [-76.1567657, 4.2093668]}, "properties": {"building": "yes", "damage:date": "2026-08-10", "damage:event": "2026ColombiaEarthquake-Palmar", "damage:event:wikidata": "Q140984463", "damage:type": "earthquake", "osm_type": "way", "osm_id": 1560631104}}, {"type": "Feature", "geometry": {"type": "Point", "coordinates": [-76.1566423, 4.2092873]}, "properties": {"building": "yes", "damage:date": "2026-08-10", "damage:event": "2026ColombiaEarthquake-Palmar", "damage:event:wikidata": "Q140984463", "damage:type": "earthquake", "osm_type": "way", "osm_id": 1560631105}}, {"type": "Feature", "geometry": {"type": "Point", "coordinates": [-76.0913789, 4.3210006]}, "properties": {"building": "yes", "damage:date": "2026-08-10", "damage:event": "2026ColombiaEarthquake-Palmar", "damage:event:wikidata": "Q140984463", "damage:type": "earthquake", "osm_type": "way", "osm_id": 1560753530}}, {"type": "Feature", "geometry": {"type": "Point", "coordinates": [-76.091392, 4.3208604]}, "properties": {"building": "yes", "damage:date": "2026-08-10", "damage:event": "2026ColombiaEarthquake-Palmar", "damage:event:wikidata": "Q140984463", "damage:type": "earthquake", "osm_type": "way", "osm_id": 1560753531}}, {"type": "Feature", "geometry": {"type": "Point", "coordinates": [-76.0919193, 4.3204871]}, "properties": {"building": "yes", "damage:date": "2026-08-10", "damage:event": "2026ColombiaEarthquake-Palmar", "damage:event:wikidata": "Q140984463", "damage:type": "earthquake", "destroyed:building": "yes", "osm_type": "way", "osm_id": 1560754181}}, {"type": "Feature", "geometry": {"type": "Point", "coordinates": [-76.0919083, 4.3207744]}, "properties": {"building": "yes", "damage:date": "2026-08-10", "damage:event": "2026ColombiaEarthquake-Palmar", "damage:event:wikidata": "Q140984463", "damage:type": "earthquake", "osm_type": "way", "osm_id": 1560754429}}, {"type": "Feature", "geometry": {"type": "Point", "coordinates": [-76.091853, 4.3194909]}, "properties": {"building": "yes", "damage:date": "2026-08-10", "damage:event": "2026ColombiaEarthquake-Palmar", "damage:event:wikidata": "Q140984463", "damage:type": "earthquake", "osm_type": "way", "osm_id": 1560754823}}, {"type": "Feature", "geometry": {"type": "Point", "coordinates": [-76.0916977, 4.3210324]}, "properties": {"building": "yes", "damage:date": "2026-08-10", "damage:event": "2026ColombiaEarthquake-Palmar", "damage:event:wikidata": "Q140984463", "damage:type": "earthquake", "osm_type": "way", "osm_id": 1560756429}}, {"type": "Feature", "geometry": {"type": "Point", "coordinates": [-76.2228937, 4.7608097]}, "properties": {"building": "yes", "damage:date": "2026-08-10", "damage:event": "2026ColombiaEarthquake-Palmar", "damage:event:wikidata": "wikidata=Q140984463", "damage:type": "earthquake", "osm_type": "way", "osm_id": 1560802775}}, {"type": "Feature", "geometry": {"type": "Point", "coordinates": [-76.2229103, 4.7606099]}, "properties": {"building": "yes", "damage:date": "2026-08-10", "damage:event": "2026ColombiaEarthquake-Palmar", "damage:event:wikidata": "wikidata=Q140984463", "damage:type": "earthquake", "osm_type": "way", "osm_id": 1560802777}}, {"type": "Feature", "geometry": {"type": "Point", "coordinates": [-76.2225406, 4.7605821]}, "properties": {"building": "yes", "damage:date": "2026-08-10", "damage:event": "2026ColombiaEarthquake-Palmar", "damage:event:wikidata": "wikidata=Q140984463", "damage:type": "earthquake", "osm_type": "way", "osm_id": 1560802784}}, {"type": "Feature", "geometry": {"type": "Point", "coordinates": [-76.222607, 4.7605425]}, "properties": {"building": "yes", "damage:date": "2026-08-10", "damage:event": "2026ColombiaEarthquake-Palmar", "damage:event:wikidata": "wikidata=Q140984463", "damage:type": "earthquake", "osm_type": "way", "osm_id": 1560802786}}, {"type": "Feature", "geometry": {"type": "Point", "coordinates": [-76.2226811, 4.7600373]}, "properties": {"building": "yes", "damage:date": "2026-08-10", "damage:event": "2026ColombiaEarthquake-Palmar", "damage:event:wikidata": "wikidata=Q140984463", "damage:type": "earthquake", "osm_type": "way", "osm_id": 1560802795}}, {"type": "Feature", "geometry": {"type": "Point", "coordinates": [-76.2223973, 4.7603953]}, "properties": {"building": "yes", "damage:date": "2026-08-10", "damage:event": "2026ColombiaEarthquake-Palmar", "damage:event:wikidata": "wikidata=Q140984463", "damage:type": "earthquake", "osm_type": "way", "osm_id": 1560802799}}, {"type": "Feature", "geometry": {"type": "Point", "coordinates": [-76.2223682, 4.7601899]}, "properties": {"building": "yes", "damage:date": "2026-08-10", "damage:event": "2026ColombiaEarthquake-Palmar", "damage:event:wikidata": "wikidata=Q140984463", "damage:type": "earthquake", "osm_type": "way", "osm_id": 1560802803}}, {"type": "Feature", "geometry": {"type": "Point", "coordinates": [-76.2221755, 4.7604525]}, "properties": {"building": "yes", "damage:date": "2026-08-10", "damage:event": "2026ColombiaEarthquake-Palmar", "damage:event:wikidata": "wikidata=Q140984463", "damage:type": "earthquake", "osm_type": "way", "osm_id": 1560802815}}, {"type": "Feature", "geometry": {"type": "Point", "coordinates": [-76.2221018, 4.7605335]}, "properties": {"building": "yes", "damage:date": "2026-08-10", "damage:event": "2026ColombiaEarthquake-Palmar", "damage:event:wikidata": "wikidata=Q140984463", "damage:type": "earthquake", "osm_type": "way", "osm_id": 1560802816}}, {"type": "Feature", "geometry": {"type": "Point", "coordinates": [-76.2219095, 4.7608618]}, "properties": {"building": "yes", "damage:date": "2026-08-10", "damage:event": "2026ColombiaEarthquake-Palmar", "damage:event:wikidata": "wikidata=Q140984463", "damage:type": "earthquake", "osm_type": "way", "osm_id": 1560802823}}, {"type": "Feature", "geometry": {"type": "Point", "coordinates": [-76.2223226, 4.7607467]}, "properties": {"building": "yes", "damage:date": "2026-08-10", "damage:event": "2026ColombiaEarthquake-Palmar", "damage:event:wikidata": "wikidata=Q140984463", "damage:type": "earthquake", "osm_type": "way", "osm_id": 1560802828}}, {"type": "Feature", "geometry": {"type": "Point", "coordinates": [-76.2218, 4.7609844]}, "properties": {"building": "yes", "damage:date": "2026-08-10", "damage:event": "2026ColombiaEarthquake-Palmar", "damage:event:wikidata": "wikidata=Q140984463", "damage:type": "earthquake", "osm_type": "way", "osm_id": 1560802830}}, {"type": "Feature", "geometry": {"type": "Point", "coordinates": [-76.1581393, 4.2131024]}, "properties": {"building": "yes", "damage:date": "2026-08-10", "damage:event": "2026ColombiaEarthquake-Palmar", "damage:event:wikidata": "Q140984463", "damage:type": "earthquake", "osm_type": "way", "osm_id": 1560806018}}, {"type": "Feature", "geometry": {"type": "Point", "coordinates": [-76.1590147, 4.2146478]}, "properties": {"building": "yes", "damage:date": "2026-08-10", "damage:event": "2026ColombiaEarthquake-Palmar", "damage:event:wikidata": "Q140984463", "damage:type": "earthquake", "osm_type": "way", "osm_id": 1560810069}}, {"type": "Feature", "geometry": {"type": "Point", "coordinates": [-76.1590096, 4.2148387]}, "properties": {"building": "construction", "damage:date": "2026-08-10", "damage:event": "2026ColombiaEarthquake-Palmar", "damage:event:wikidata": "Q140984463", "damage:type": "earthquake", "osm_type": "way", "osm_id": 1560810074}}, {"type": "Feature", "geometry": {"type": "Point", "coordinates": [-76.1591029, 4.2137145]}, "properties": {"building": "yes", "damage:date": "2026-08-10", "damage:event": "2026ColombiaEarthquake-Palmar", "damage:event:wikidata": "Q140984463", "damage:type": "earthquake", "osm_type": "way", "osm_id": 1560810111}}, {"type": "Feature", "geometry": {"type": "Point", "coordinates": [-76.1589019, 4.2123797]}, "properties": {"damage:date": "2026-08-10", "damage:event": "2026ColombiaEarthquake-Palmar", "damage:event:wikidata": "Q140984463", "damage:type": "earthquake", "destroyed:building": "yes", "osm_type": "way", "osm_id": 1560881515}}, {"type": "Feature", "geometry": {"type": "Point", "coordinates": [-76.1589874, 4.2122247]}, "properties": {"building": "yes", "damage:date": "2026-08-10", "damage:event": "2026ColombiaEarthquake-Palmar", "damage:event:wikidata": "Q140984463", "damage:type": "earthquake", "osm_type": "way", "osm_id": 1560881520}}, {"type": "Feature", "geometry": {"type": "Point", "coordinates": [-76.5433253, 3.3927696]}, "properties": {"damage": "collapsed", "damage:date": "2026-08-10", "damage:event": "2026ColombiaEarthquake-Palmar", "damage:event:wikidata": "Q140984463", "damage:type": "earthquake", "destroyed:building": "yes", "name": "Torres del Limonar", "type": "multipolygon", "osm_type": "relation", "osm_id": 21226108}}, {"type": "Feature", "geometry": {"type": "Point", "coordinates": [-76.4789863, 3.9371082]}, "properties": {"building": "yes", "damage:date": "2026-08-10", "damage:event": "2026ColombiaEarthquake-Palmar", "damage:event:wikidata": "Q140984463", "damage:type": "earthquake", "type": "multipolygon", "osm_type": "relation", "osm_id": 21363788}}, {"type": "Feature", "geometry": {"type": "Point", "coordinates": [-76.4789731, 3.9371798]}, "properties": {"building": "house", "damage:date": "2026-08-10", "damage:event": "2026ColombiaEarthquake-Palmar", "damage:event:wikidata": "Q140984463", "damage:type": "earthquake", "type": "multipolygon", "osm_type": "relation", "osm_id": 21363789}}, {"type": "Feature", "geometry": {"type": "Point", "coordinates": [-76.1576848, 4.2110768]}, "properties": {"building": "yes", "damage:date": "2026-08-10", "damage:event": "2026ColombiaEarthquake-Palmar", "damage:event:wikidata": "Q140984463", "damage:type": "earthquake", "type": "multipolygon", "osm_type": "relation", "osm_id": 21384808}}]}